Any,Codi_Barri,Nom_Barri,Codi_Districte,Nom_Districte,total_locals,n_buits,n_comerc,n_serveis,n_reforma,pct_buits,pct_comerc,pct_serveis
2016,1,el Raval,1,Ciutat Vella,2355,0,1189,952,0,0,50.48832271762208,40.42462845010616
2016,2,el Barri Gòtic,1,Ciutat Vella,1802,0,1005,710,0,0,55.77136514983352,39.400665926748054
2016,3,la Barceloneta,1,Ciutat Vella,545,0,187,325,0,0,34.31192660550459,59.63302752293578
2016,4,"Sant Pere, Santa Caterina i la Ribera",1,Ciutat Vella,1520,0,769,641,0,0,50.59210526315789,42.171052631578945
2016,5,el Fort Pienc,2,Eixample,1335,0,347,637,0,0,25.99250936329588,47.71535580524345
2016,6,la Sagrada Família,2,Eixample,2299,0,915,1215,0,0,39.79991300565463,52.8490648107873
2016,7,la Dreta de l'Eixample,2,Eixample,3944,0,1632,2077,0,0,41.37931034482759,52.66227180527383
2016,8,l'Antiga Esquerra de l'Eixample,2,Eixample,2779,0,974,1628,0,0,35.04857862540482,58.58222382151853
2016,9,la Nova Esquerra de l'Eixample,2,Eixample,2081,0,717,1244,0,0,34.454589139836614,59.77895242671792
2016,10,Sant Antoni,2,Eixample,1930,0,876,919,0,0,45.388601036269435,47.61658031088083
2016,11,el Poble Sec,3,Sants-Montjuïc,1108,0,287,691,0,0,25.902527075812277,62.36462093862816
2016,12,la Marina del Prat Vermell,3,Sants-Montjuïc,188,0,27,94,0,0,14.361702127659576,50
2016,13,la Marina de Port,3,Sants-Montjuïc,558,0,211,292,0,0,37.81362007168459,52.32974910394266
2016,14,la Font de la Guatlla,3,Sants-Montjuïc,189,0,52,111,0,0,27.513227513227513,58.730158730158735
2016,15,Hostafrancs,3,Sants-Montjuïc,807,0,318,394,0,0,39.405204460966544,48.822800495662946
2016,16,la Bordeta,3,Sants-Montjuïc,400,0,122,218,0,0,30.5,54.50000000000001
2016,17,Sants  Badal,3,Sants-Montjuïc,661,0,246,359,0,0,37.21633888048411,54.311649016641454
2016,18,Sants,3,Sants-Montjuïc,1602,0,575,864,0,0,35.892634207240945,53.93258426966292
2016,19,les Corts,4,les Corts,1956,0,683,1129,0,0,34.918200408997954,57.71983640081799
2016,20,la Maternitat i Sant Ramon,4,les Corts,655,0,165,415,0,0,25.190839694656486,63.358778625954194
2016,21,Pedralbes,4,les Corts,251,0,57,160,0,0,22.709163346613543,63.745019920318725
2016,22,"Vallvidrera, el Tibidabo i les Planes",5,Sarrià-Sant Gervasi,50,0,13,32,0,0,26,64
2016,23,Sarrià,5,Sarrià-Sant Gervasi,863,0,340,451,0,0,39.39745075318656,52.259559675550406
2016,24,les Tres Torres,5,Sarrià-Sant Gervasi,399,0,101,265,0,0,25.31328320802005,66.41604010025063
2016,25,Sant Gervasi  la Bonanova,5,Sarrià-Sant Gervasi,956,0,320,551,0,0,33.47280334728033,57.63598326359832
2016,26,Sant Gervasi  Galvany,5,Sarrià-Sant Gervasi,2615,0,1125,1335,0,0,43.021032504780116,51.05162523900574
2016,27,el Putxet i el Farró,5,Sarrià-Sant Gervasi,888,0,285,537,0,0,32.0945945945946,60.47297297297297
2016,28,Vallcarca i els Penitents,6,Gràcia,368,0,112,220,0,0,30.434782608695656,59.78260869565217
2016,29,el Coll,6,Gràcia,102,0,35,53,0,0,34.31372549019608,51.9607843137255
2016,30,la Salut,6,Gràcia,382,0,158,191,0,0,41.361256544502616,50
2016,31,la Vila de Gràcia,6,Gràcia,3300,0,1353,1602,0,0,41,48.54545454545455
2016,32,el Camp d'en Grassot i Gràcia Nova,6,Gràcia,1299,0,489,668,0,0,37.644341801385686,51.42417244033872
2016,33,el Baix Guinardó,7,Horta-Guinardó,658,0,206,387,0,0,31.30699088145897,58.81458966565349
2016,34,Can Baró,7,Horta-Guinardó,142,0,46,81,0,0,32.3943661971831,57.04225352112676
2016,35,el Guinardó,7,Horta-Guinardó,1040,0,303,615,0,0,29.134615384615387,59.13461538461539
2016,36,la Font d'en Fargues,7,Horta-Guinardó,114,0,15,89,0,0,13.157894736842104,78.0701754385965
2016,37,el Carmel,7,Horta-Guinardó,757,0,323,355,0,0,42.668428005284014,46.895640686922064
2016,38,la Teixonera,7,Horta-Guinardó,206,0,95,82,0,0,46.116504854368934,39.80582524271845
2016,39,Sant Genís dels Agudells,7,Horta-Guinardó,89,0,23,57,0,0,25.842696629213485,64.04494382022472
2016,40,Montbau,7,Horta-Guinardó,98,0,27,53,0,0,27.55102040816326,54.08163265306123
2016,41,la Vall d'Hebron,7,Horta-Guinardó,109,0,19,69,0,0,17.431192660550458,63.30275229357798
2016,42,la Clota,7,Horta-Guinardó,15,0,2,5,0,0,13.333333333333334,33.33333333333333
2016,43,Horta,7,Horta-Guinardó,1115,0,376,630,0,0,33.7219730941704,56.502242152466366
2016,44,Vilapicina i la Torre Llobeta,8,Nou Barris,911,0,282,530,0,0,30.954994511525797,58.17782656421515
2016,45,Porta,8,Nou Barris,773,0,259,420,0,0,33.50582147477361,54.33376455368693
2016,46,el Turó de la Peira,8,Nou Barris,428,0,207,174,0,0,48.36448598130841,40.654205607476634
2016,47,Can Peguera,8,Nou Barris,21,0,3,13,0,0,14.285714285714285,61.904761904761905
2016,48,la Guineueta,8,Nou Barris,335,0,111,169,0,0,33.134328358208954,50.44776119402985
2016,49,Canyelles,8,Nou Barris,115,0,56,49,0,0,48.69565217391305,42.608695652173914
2016,50,les Roquetes,8,Nou Barris,335,0,159,147,0,0,47.462686567164184,43.88059701492537
2016,51,Verdun,8,Nou Barris,413,0,174,198,0,0,42.13075060532688,47.94188861985472
2016,52,la Prosperitat,8,Nou Barris,773,0,264,418,0,0,34.152652005174645,54.075032341526516
2016,53,la Trinitat Nova,8,Nou Barris,87,0,39,35,0,0,44.827586206896555,40.229885057471265
2016,54,Torre Baró,8,Nou Barris,21,0,4,14,0,0,19.047619047619047,66.66666666666666
2016,55,Ciutat Meridiana,8,Nou Barris,146,0,76,60,0,0,52.054794520547944,41.0958904109589
2016,56,Vallbona,8,Nou Barris,22,0,6,11,0,0,27.27272727272727,50
2016,57,la Trinitat Vella,9,Sant Andreu,166,0,62,83,0,0,37.34939759036144,50
2016,58,Baró de Viver,9,Sant Andreu,40,0,14,17,0,0,35,42.5
2016,59,el Bon Pastor,9,Sant Andreu,686,0,268,249,0,0,39.067055393586,36.29737609329446
2016,60,Sant Andreu,9,Sant Andreu,1692,0,619,857,0,0,36.5839243498818,50.65011820330969
2016,61,la Sagrera,9,Sant Andreu,662,0,255,347,0,0,38.51963746223565,52.416918429003026
2016,62,el Congrés i els Indians,9,Sant Andreu,485,0,135,274,0,0,27.835051546391753,56.49484536082474
2016,63,Navas,9,Sant Andreu,510,0,211,274,0,0,41.37254901960784,53.72549019607843
2016,64,el Camp de l'Arpa del Clot,10,Sant Martí,1243,0,475,666,0,0,38.21399839098954,53.58004827031375
2016,65,el Clot,10,Sant Martí,766,0,309,396,0,0,40.33942558746737,51.697127937336816
2016,66,el Parc i la Llacuna del Poblenou,10,Sant Martí,642,0,129,430,0,0,20.093457943925234,66.97819314641744
2016,67,la Vila Olímpica del Poblenou,10,Sant Martí,399,0,68,299,0,0,17.042606516290725,74.93734335839599
2016,68,el Poblenou,10,Sant Martí,1338,0,432,769,0,0,32.28699551569507,57.473841554559044
2016,69,Diagonal Mar i el Front Marítim del Poblenou,10,Sant Martí,417,0,160,233,0,0,38.36930455635492,55.875299760191844
2016,70,el Besòs i el Maresme,10,Sant Martí,462,0,206,211,0,0,44.58874458874459,45.67099567099567
2016,71,Provençals del Poblenou,10,Sant Martí,485,0,111,318,0,0,22.88659793814433,65.56701030927834
2016,72,Sant Martí de Provençals,10,Sant Martí,658,0,253,347,0,0,38.44984802431611,52.735562310030396
2016,73,la Verneda i la Pau,10,Sant Martí,704,0,280,362,0,0,39.77272727272727,51.42045454545454
2019,1,el Raval,1,Ciutat Vella,2968,29,1100,1116,27,0.977088948787062,37.06199460916442,37.6010781671159
2019,2,el Barri Gòtic,1,Ciutat Vella,2269,52,961,814,50,2.2917584839136182,42.35345967386514,35.874834728955484
2019,3,la Barceloneta,1,Ciutat Vella,747,11,190,357,4,1.4725568942436411,25.435073627844712,47.791164658634536
2019,4,"Sant Pere, Santa Caterina i la Ribera",1,Ciutat Vella,2182,68,753,803,29,3.1164069660861595,34.5096241979835,36.80109990834097
2019,5,el Fort Pienc,2,Eixample,1401,32,411,640,20,2.2840827980014278,29.336188436830835,45.68165596002855
2019,6,la Sagrada Família,2,Eixample,2515,92,827,1144,39,3.6580516898608346,32.88270377733598,45.487077534791254
2019,7,la Dreta de l'Eixample,2,Eixample,4279,96,1542,2058,67,2.243514839915868,36.03645711614863,48.095349380696426
2019,8,l'Antiga Esquerra de l'Eixample,2,Eixample,2984,68,938,1643,48,2.278820375335121,31.434316353887397,55.06032171581769
2019,9,la Nova Esquerra de l'Eixample,2,Eixample,2511,65,710,1300,25,2.5886101154918357,28.27558741537236,51.77220230983672
2019,10,Sant Antoni,2,Eixample,2224,57,871,964,34,2.5629496402877696,39.163669064748206,43.3453237410072
2019,11,el Poble Sec,3,Sants-Montjuïc,1846,25,281,761,37,1.3542795232936078,15.222101841820152,41.22426868905742
2019,12,la Marina del Prat Vermell,3,Sants-Montjuïc,251,4,26,108,1,1.593625498007968,10.358565737051793,43.02788844621514
2019,13,la Marina de Port,3,Sants-Montjuïc,731,25,200,284,5,3.4199726402188784,27.359781121751027,38.850889192886456
2019,14,la Font de la Guatlla,3,Sants-Montjuïc,325,15,52,114,4,4.615384615384616,16,35.07692307692308
2019,15,Hostafrancs,3,Sants-Montjuïc,1031,42,315,424,11,4.073714839961203,30.552861299709022,41.1251212415131
2019,16,la Bordeta,3,Sants-Montjuïc,665,32,114,261,4,4.8120300751879705,17.142857142857142,39.24812030075188
2019,17,Sants - Badal,3,Sants-Montjuïc,1074,52,239,392,12,4.8417132216014895,22.253258845437614,36.49906890130354
2019,18,Sants,3,Sants-Montjuïc,2311,64,580,868,40,2.769363911726525,25.097360450021633,37.559498052791
2019,19,les Corts,4,Les Corts,2428,61,631,1127,41,2.5123558484349258,25.98846787479407,46.4168039538715
2019,20,la Maternitat i Sant Ramon,4,Les Corts,920,43,167,467,8,4.673913043478261,18.15217391304348,50.76086956521739
2019,21,Pedralbes,4,Les Corts,291,5,60,166,4,1.718213058419244,20.618556701030926,57.0446735395189
2019,22,"Vallvidrera, el Tibidabo i les Planes",5,Sarrià-Sant Gervasi,81,2,16,43,0,2.4691358024691357,19.753086419753085,53.086419753086425
2019,23,Sarrià,5,Sarrià-Sant Gervasi,1184,25,323,586,20,2.1114864864864864,27.280405405405407,49.49324324324324
2019,24,les Tres Torres,5,Sarrià-Sant Gervasi,540,11,109,321,5,2.037037037037037,20.185185185185187,59.44444444444444
2019,25,Sant Gervasi - la Bonanova,5,Sarrià-Sant Gervasi,1298,48,339,648,16,3.697996918335902,26.1171032357473,49.922958397534664
2019,26,Sant Gervasi - Galvany,5,Sarrià-Sant Gervasi,3200,138,1111,1448,59,4.3125,34.71875,45.25
2019,27,el Putxet i el Farró,5,Sarrià-Sant Gervasi,1415,55,294,620,24,3.8869257950530036,20.7773851590106,43.81625441696113
2019,28,Vallcarca i els Penitents,6,Gràcia,542,9,117,213,5,1.6605166051660518,21.58671586715867,39.29889298892989
2019,29,el Coll,6,Gràcia,209,7,30,39,2,3.349282296650718,14.354066985645932,18.660287081339714
2019,30,la Salut,6,Gràcia,547,19,155,178,5,3.473491773308958,28.336380255941503,32.541133455210236
2019,31,la Vila de Gràcia,6,Gràcia,4457,250,1225,1736,53,5.609154139555755,27.4848552838232,38.94996634507517
2019,32,el Camp d'en Grassot i Gràcia Nova,6,Gràcia,1729,80,556,652,30,4.626951995373048,32.15731636784268,37.709658762290346
2019,33,el Baix Guinardó,7,Horta-Guinardó,956,36,187,393,13,3.765690376569038,19.560669456066947,41.10878661087866
2019,34,Can Baró,7,Horta-Guinardó,309,12,43,77,0,3.8834951456310676,13.915857605177994,24.919093851132686
2019,35,el Guinardó,7,Horta-Guinardó,1782,61,308,593,23,3.423120089786756,17.28395061728395,33.27721661054994
2019,36,la Font d'en Fargues,7,Horta-Guinardó,175,5,18,90,1,2.857142857142857,10.285714285714285,51.42857142857142
2019,37,el Carmel,7,Horta-Guinardó,1259,57,292,329,2,4.527402700555997,23.193010325655283,26.131850675139003
2019,38,la Teixonera,7,Horta-Guinardó,390,22,80,85,0,5.641025641025641,20.51282051282051,21.794871794871796
2019,39,Sant Genís dels Agudells,7,Horta-Guinardó,136,3,28,56,0,2.2058823529411766,20.588235294117645,41.17647058823529
2019,40,Montbau,7,Horta-Guinardó,159,5,20,61,0,3.1446540880503147,12.578616352201259,38.36477987421384
2019,41,la Vall d'Hebron,7,Horta-Guinardó,136,3,17,67,1,2.2058823529411766,12.5,49.26470588235294
2019,42,la Clota,7,Horta-Guinardó,20,0,1,3,1,0,5,15
2019,43,Horta,7,Horta-Guinardó,1192,28,352,403,4,2.348993288590604,29.53020134228188,33.808724832214764
2019,44,Vilapicina i la Torre Llobeta,8,Nou Barris,1328,62,275,507,9,4.66867469879518,20.707831325301203,38.17771084337349
2019,45,Porta,8,Nou Barris,1164,49,265,409,10,4.209621993127148,22.766323024054984,35.13745704467354
2019,46,el Turó de la Peira,8,Nou Barris,627,12,201,182,5,1.9138755980861244,32.057416267942585,29.02711323763955
2019,47,Can Peguera,8,Nou Barris,44,3,4,10,0,6.8181818181818175,9.090909090909092,22.727272727272727
2019,48,la Guineueta,8,Nou Barris,496,12,105,169,4,2.4193548387096775,21.16935483870968,34.07258064516129
2019,49,Canyelles,8,Nou Barris,175,7,49,50,0,4,28.000000000000004,28.57142857142857
2019,50,les Roquetes,8,Nou Barris,617,31,143,140,6,5.024311183144246,23.176661264181522,22.690437601296594
2019,51,Verdun,8,Nou Barris,675,37,173,196,6,5.481481481481482,25.62962962962963,29.037037037037038
2019,52,la Prosperitat,8,Nou Barris,1076,70,255,437,7,6.5055762081784385,23.698884758364315,40.613382899628256
2019,53,la Trinitat Nova,8,Nou Barris,124,0,35,36,1,0,28.225806451612907,29.03225806451613
2019,54,Torre Baró,8,Nou Barris,37,0,5,12,1,0,13.513513513513514,32.432432432432435
2019,55,Ciutat Meridiana,8,Nou Barris,203,9,56,58,1,4.433497536945813,27.586206896551722,28.57142857142857
2019,56,Vallbona,8,Nou Barris,27,0,6,10,0,0,22.22222222222222,37.03703703703704
2019,57,la Trinitat Vella,9,Sant Andreu,388,21,50,92,1,5.412371134020619,12.886597938144329,23.711340206185564
2019,58,Baró de Viver,9,Sant Andreu,77,2,8,17,0,2.5974025974025974,10.38961038961039,22.07792207792208
2019,59,el Bon Pastor,9,Sant Andreu,989,26,290,250,2,2.62891809908999,29.322548028311424,25.278058645096056
2019,60,Sant Andreu,9,Sant Andreu,2335,94,586,984,18,4.025695931477516,25.096359743040686,42.14132762312634
2019,61,la Sagrera,9,Sant Andreu,908,29,241,374,15,3.1938325991189425,26.54185022026432,41.18942731277533
2019,62,el Congrés i els Indians,9,Sant Andreu,743,30,121,300,5,4.037685060565275,16.28532974427995,40.376850605652756
2019,63,Navas,9,Sant Andreu,719,30,202,302,7,4.172461752433936,28.094575799721838,42.00278164116829
2019,64,el Camp de l'Arpa del Clot,10,Sant Martí,1717,52,403,730,8,3.0285381479324402,23.471170646476413,42.516016307513105
2019,65,el Clot,10,Sant Martí,1110,30,299,457,10,2.7027027027027026,26.936936936936938,41.171171171171174
2019,66,el Parc i la Llacuna del Poblenou,10,Sant Martí,991,12,201,454,9,1.2108980827447022,20.282542885973765,45.81231079717457
2019,67,la Vila Olímpica del Poblenou,10,Sant Martí,457,4,62,280,8,0.87527352297593,13.566739606126916,61.2691466083151
2019,68,el Poblenou,10,Sant Martí,1804,49,414,906,24,2.7161862527716183,22.9490022172949,50.22172949002217
2019,69,Diagonal Mar i el Front Marítim del Poblenou,10,Sant Martí,522,10,166,254,2,1.9157088122605364,31.800766283524908,48.65900383141762
2019,70,el Besòs i el Maresme,10,Sant Martí,609,10,178,237,3,1.6420361247947455,29.22824302134647,38.91625615763547
2019,71,Provençals del Poblenou,10,Sant Martí,798,27,114,295,6,3.3834586466165413,14.285714285714285,36.96741854636591
2019,72,Sant Martí de Provençals,10,Sant Martí,880,20,232,367,6,2.272727272727273,26.36363636363636,41.70454545454545
2019,73,la Verneda i la Pau,10,Sant Martí,1245,50,280,435,6,4.016064257028113,22.48995983935743,34.93975903614458
2022,1,el Raval,1,Ciutat Vella,2512,333,1002,1001,0,13.256369426751593,39.888535031847134,39.84872611464968
2022,2,el Barri Gòtic,1,Ciutat Vella,1936,408,715,698,0,21.074380165289256,36.93181818181818,36.053719008264466
2022,3,la Barceloneta,1,Ciutat Vella,612,67,179,332,0,10.947712418300654,29.248366013071898,54.248366013071895
2022,4,"Sant Pere, Santa Caterina i la Ribera",1,Ciutat Vella,1862,303,616,788,0,16.27282491944146,33.08270676691729,42.32008592910849
2022,5,el Fort Pienc,2,Eixample,1246,127,392,578,0,10.192616372391655,31.46067415730337,46.3884430176565
2022,6,la Sagrada Família,2,Eixample,2221,181,783,1125,0,8.14948221521837,35.25438991445295,50.65285907248986
2022,7,la Dreta de l'Eixample,2,Eixample,4035,407,1408,1993,0,10.086741016109046,34.89467162329616,49.39281288723668
2022,8,l'Antiga Esquerra de l'Eixample,2,Eixample,2823,255,877,1534,0,9.032943676939425,31.06624158696422,54.33935529578463
2022,9,la Nova Esquerra de l'Eixample,2,Eixample,2303,243,670,1230,0,10.551454624402954,29.092488059053405,53.408597481545804
2022,10,Sant Antoni,2,Eixample,2045,164,828,939,0,8.01955990220049,40.488997555012226,45.91687041564792
2022,11,el Poble Sec,3,Sants-Montjuïc,1288,176,257,698,0,13.664596273291925,19.953416149068325,54.192546583850934
2022,12,la Marina del Prat Vermell,3,Sants-Montjuïc,208,17,24,106,0,8.173076923076923,11.538461538461538,50.96153846153846
2022,13,la Marina de Port,3,Sants-Montjuïc,599,53,195,305,0,8.848080133555927,32.5542570951586,50.918196994991646
2022,14,la Font de la Guatlla,3,Sants-Montjuïc,228,28,54,117,0,12.280701754385964,23.684210526315788,51.31578947368421
2022,15,Hostafrancs,3,Sants-Montjuïc,867,87,299,411,0,10.034602076124568,34.48673587081891,47.40484429065744
2022,16,la Bordeta,3,Sants-Montjuïc,490,62,124,238,0,12.653061224489795,25.30612244897959,48.57142857142857
2022,17,Sants - Badal,3,Sants-Montjuïc,786,104,230,369,0,13.231552162849871,29.262086513994912,46.94656488549619
2022,18,Sants,3,Sants-Montjuïc,1804,204,558,833,0,11.30820399113082,30.93126385809313,46.175166297117514
2022,19,les Corts,4,Les Corts,2135,198,628,1120,0,9.274004683840749,29.414519906323182,52.459016393442624
2022,20,la Maternitat i Sant Ramon,4,Les Corts,773,89,171,435,0,11.51358344113842,22.121604139715394,56.27425614489003
2022,21,Pedralbes,4,Les Corts,275,15,59,168,0,5.454545454545454,21.454545454545453,61.09090909090909
2022,22,"Vallvidrera, el Tibidabo i les Planes",5,Sarrià-Sant Gervasi,77,7,11,44,0,9.090909090909092,14.285714285714285,57.14285714285714
2022,23,Sarrià,5,Sarrià-Sant Gervasi,1033,84,333,522,0,8.131655372700871,32.23620522749274,50.5324298160697
2022,24,les Tres Torres,5,Sarrià-Sant Gervasi,482,18,112,314,0,3.7344398340248963,23.236514522821576,65.14522821576763
2022,25,Sant Gervasi - la Bonanova,5,Sarrià-Sant Gervasi,1162,102,315,635,0,8.777969018932874,27.10843373493976,54.64716006884681
2022,26,Sant Gervasi - Galvany,5,Sarrià-Sant Gervasi,2882,252,1050,1408,0,8.743927827897293,36.43303261623873,48.854961832061065
2022,27,el Putxet i el Farró,5,Sarrià-Sant Gervasi,1116,129,280,591,0,11.559139784946236,25.089605734767023,52.956989247311824
2022,28,Vallcarca i els Penitents,6,Gràcia,397,37,107,219,0,9.319899244332493,26.952141057934508,55.16372795969773
2022,29,el Coll,6,Gràcia,110,12,36,42,0,10.909090909090908,32.72727272727273,38.18181818181819
2022,30,la Salut,6,Gràcia,412,50,141,183,0,12.135922330097088,34.22330097087379,44.417475728155345
2022,31,la Vila de Gràcia,6,Gràcia,3551,354,1171,1660,0,9.969022810475922,32.976626302450015,46.74739509997184
2022,32,el Camp d'en Grassot i Gràcia Nova,6,Gràcia,1483,147,536,649,0,9.912339851652057,36.14295347269049,43.7626432906271
2022,33,el Baix Guinardó,7,Horta-Guinardó,726,102,175,382,0,14.049586776859504,24.104683195592287,52.61707988980716
2022,34,Can Baró,7,Horta-Guinardó,158,25,39,82,0,15.822784810126583,24.68354430379747,51.89873417721519
2022,35,el Guinardó,7,Horta-Guinardó,1179,201,290,552,0,17.048346055979643,24.597116200169637,46.81933842239186
2022,36,la Font d'en Fargues,7,Horta-Guinardó,117,27,20,62,0,23.076923076923077,17.094017094017094,52.991452991452995
2022,37,el Carmel,7,Horta-Guinardó,769,100,279,318,0,13.003901170351106,36.28088426527958,41.352405721716515
2022,38,la Teixonera,7,Horta-Guinardó,215,45,74,73,0,20.930232558139537,34.418604651162795,33.95348837209302
2022,39,Sant Genís dels Agudells,7,Horta-Guinardó,105,5,25,63,0,4.761904761904762,23.809523809523807,60
2022,40,Montbau,7,Horta-Guinardó,114,8,26,64,0,7.017543859649122,22.807017543859647,56.14035087719298
2022,41,la Vall d'Hebron,7,Horta-Guinardó,123,14,15,66,0,11.38211382113821,12.195121951219512,53.65853658536586
2022,42,la Clota,7,Horta-Guinardó,14,1,0,4,0,7.142857142857142,0,28.57142857142857
2022,43,Horta,7,Horta-Guinardó,907,86,331,395,0,9.481808158765158,36.49393605292172,43.550165380374864
2022,44,Vilapicina i la Torre Llobeta,8,Nou Barris,961,104,278,494,0,10.822060353798127,28.92819979188345,51.4047866805411
2022,45,Porta,8,Nou Barris,870,99,271,411,0,11.379310344827587,31.14942528735632,47.241379310344826
2022,46,el Turó de la Peira,8,Nou Barris,435,33,193,174,0,7.586206896551724,44.36781609195402,40
2022,47,Can Peguera,8,Nou Barris,21,3,3,10,0,14.285714285714285,14.285714285714285,47.61904761904761
2022,48,la Guineueta,8,Nou Barris,351,28,101,176,0,7.977207977207977,28.774928774928775,50.142450142450144
2022,49,Canyelles,8,Nou Barris,123,4,49,58,0,3.2520325203252036,39.83739837398374,47.15447154471545
2022,50,les Roquetes,8,Nou Barris,343,34,140,138,0,9.912536443148689,40.816326530612244,40.2332361516035
2022,51,Verdun,8,Nou Barris,461,57,181,186,0,12.364425162689804,39.26247288503254,40.3470715835141
2022,52,la Prosperitat,8,Nou Barris,884,133,251,406,0,15.04524886877828,28.39366515837104,45.92760180995475
2022,53,la Trinitat Nova,8,Nou Barris,90,6,37,33,0,6.666666666666667,41.11111111111111,36.666666666666664
2022,54,Torre Baró,8,Nou Barris,25,0,5,11,0,0,20,44
2022,55,Ciutat Meridiana,8,Nou Barris,149,9,61,66,0,6.0402684563758395,40.939597315436245,44.29530201342282
2022,56,Vallbona,8,Nou Barris,24,2,5,10,0,8.333333333333332,20.833333333333336,41.66666666666667
2022,57,la Trinitat Vella,9,Sant Andreu,209,24,61,90,0,11.483253588516746,29.1866028708134,43.0622009569378
2022,58,Baró de Viver,9,Sant Andreu,44,5,8,23,0,11.363636363636363,18.181818181818183,52.27272727272727
2022,59,el Bon Pastor,9,Sant Andreu,833,55,277,292,0,6.602641056422569,33.25330132052821,35.05402160864346
2022,60,Sant Andreu,9,Sant Andreu,1985,231,574,945,0,11.637279596977331,28.916876574307302,47.607052896725435
2022,61,la Sagrera,9,Sant Andreu,765,85,235,375,0,11.11111111111111,30.718954248366014,49.01960784313725
2022,62,el Congrés i els Indians,9,Sant Andreu,544,82,112,291,0,15.073529411764705,20.588235294117645,53.49264705882353
2022,63,Navas,9,Sant Andreu,632,78,197,306,0,12.341772151898734,31.170886075949365,48.41772151898734
2022,64,el Camp de l'Arpa del Clot,10,Sant Martí,1362,164,390,663,0,12.041116005873716,28.634361233480178,48.6784140969163
2022,65,el Clot,10,Sant Martí,904,94,283,446,0,10.398230088495575,31.305309734513276,49.336283185840706
2022,66,el Parc i la Llacuna del Poblenou,10,Sant Martí,783,74,179,441,0,9.450830140485312,22.860791826309068,56.32183908045977
2022,67,la Vila Olímpica del Poblenou,10,Sant Martí,404,31,66,262,0,7.673267326732673,16.33663366336634,64.85148514851485
2022,68,el Poblenou,10,Sant Martí,1547,161,418,805,0,10.407239819004525,27.020038784744667,52.03619909502263
2022,69,Diagonal Mar i el Front Marítim del Poblenou,10,Sant Martí,459,25,145,253,0,5.446623093681917,31.590413943355124,55.119825708061
2022,70,el Besòs i el Maresme,10,Sant Martí,487,37,176,238,0,7.597535934291582,36.139630390143736,48.870636550308014
2022,71,Provençals del Poblenou,10,Sant Martí,572,58,112,309,0,10.13986013986014,19.58041958041958,54.02097902097902
2022,72,Sant Martí de Provençals,10,Sant Martí,697,42,229,352,0,6.025824964131994,32.85509325681492,50.50215208034433
2022,73,la Verneda i la Pau,10,Sant Martí,944,95,279,394,0,10.063559322033898,29.55508474576271,41.73728813559322
2024,1,el Raval,1,Ciutat Vella,2638,215,1077,1126,0,8.150113722517057,40.82638362395755,42.68385140257771
2024,2,el Barri Gòtic,1,Ciutat Vella,2025,214,864,787,0,10.567901234567902,42.66666666666667,38.864197530864196
2024,3,la Barceloneta,1,Ciutat Vella,658,45,196,378,0,6.838905775075988,29.78723404255319,57.446808510638306
2024,4,"Sant Pere, Santa Caterina i la Ribera",1,Ciutat Vella,1939,162,688,892,0,8.354822073233626,35.48220732336256,46.00309437854565
2024,5,el Fort Pienc,2,Eixample,1268,110,399,601,0,8.675078864353312,31.46687697160883,47.397476340694006
2024,6,la Sagrada Família,2,Eixample,2258,165,792,1140,0,7.307351638618247,35.075287865367585,50.487156775907884
2024,7,la Dreta de l'Eixample,2,Eixample,4012,357,1403,2005,0,8.898305084745763,34.97008973080758,49.97507477567298
2024,8,l'Antiga Esquerra de l'Eixample,2,Eixample,2827,190,890,1583,0,6.720905553590378,31.4821365405023,55.995755217545096
2024,9,la Nova Esquerra de l'Eixample,2,Eixample,2339,240,650,1267,0,10.260795211628901,27.789653698161608,54.16844805472424
2024,10,Sant Antoni,2,Eixample,2079,162,818,968,0,7.792207792207792,39.345839345839345,46.56084656084656
2024,11,el Poble Sec,3,Sants-Montjuïc,1335,143,272,746,0,10.711610486891386,20.374531835205993,55.88014981273408
2024,12,la Marina del Prat Vermell,3,Sants-Montjuïc,187,22,23,89,0,11.76470588235294,12.299465240641712,47.593582887700535
2024,13,la Marina de Port,3,Sants-Montjuïc,620,48,202,319,0,7.741935483870968,32.58064516129032,51.45161290322581
2024,14,la Font de la Guatlla,3,Sants-Montjuïc,254,34,59,125,0,13.385826771653544,23.228346456692915,49.21259842519685
2024,15,Hostafrancs,3,Sants-Montjuïc,877,78,297,417,0,8.893956670467503,33.8654503990878,47.5484606613455
2024,16,la Bordeta,3,Sants-Montjuïc,515,65,122,255,0,12.62135922330097,23.689320388349515,49.51456310679612
2024,17,Sants - Badal,3,Sants-Montjuïc,810,97,248,368,0,11.975308641975309,30.617283950617285,45.4320987654321
2024,18,Sants,3,Sants-Montjuïc,1879,177,557,900,0,9.419904204364023,29.643427354976048,47.89781798829165
2024,19,les Corts,4,Les Corts,2181,198,630,1166,0,9.07840440165062,28.885832187070154,53.461714809720306
2024,20,la Maternitat i Sant Ramon,4,Les Corts,799,90,174,456,0,11.264080100125156,21.777221526908637,57.07133917396746
2024,21,Pedralbes,4,Les Corts,278,13,59,173,0,4.676258992805756,21.223021582733814,62.23021582733813
2024,22,"Vallvidrera, el Tibidabo i les Planes",5,Sarrià-Sant Gervasi,74,3,11,44,0,4.054054054054054,14.864864864864865,59.45945945945946
2024,23,Sarrià,5,Sarrià-Sant Gervasi,1049,98,309,541,0,9.342230695900858,29.45662535748332,51.57292659675882
2024,24,les Tres Torres,5,Sarrià-Sant Gervasi,487,33,110,308,0,6.7761806981519515,22.587268993839835,63.244353182751546
2024,25,Sant Gervasi - la Bonanova,5,Sarrià-Sant Gervasi,1183,83,322,668,0,7.016060862214708,27.218934911242602,56.46661031276415
2024,26,Sant Gervasi - Galvany,5,Sarrià-Sant Gervasi,2947,265,1071,1431,0,8.992195453003054,36.342042755344416,48.55785544621649
2024,27,el Putxet i el Farró,5,Sarrià-Sant Gervasi,1164,137,273,622,0,11.76975945017182,23.45360824742268,53.43642611683849
2024,28,Vallcarca i els Penitents,6,Gràcia,411,37,106,226,0,9.002433090024331,25.790754257907544,54.98783454987834
2024,29,el Coll,6,Gràcia,111,17,28,42,0,15.315315315315313,25.225225225225223,37.83783783783784
2024,30,la Salut,6,Gràcia,418,43,153,187,0,10.287081339712918,36.60287081339713,44.73684210526316
2024,31,la Vila de Gràcia,6,Gràcia,3645,341,1173,1712,0,9.355281207133059,32.181069958847736,46.96844993141289
2024,32,el Camp d'en Grassot i Gràcia Nova,6,Gràcia,1511,129,535,684,0,8.537392455327597,35.407015221707475,45.268034414295165
2024,33,el Baix Guinardó,7,Horta-Guinardó,770,74,194,428,0,9.61038961038961,25.19480519480519,55.58441558441558
2024,34,Can Baró,7,Horta-Guinardó,165,21,41,85,0,12.727272727272727,24.848484848484848,51.515151515151516
2024,35,el Guinardó,7,Horta-Guinardó,1269,169,282,639,0,13.317572892040976,22.22222222222222,50.35460992907801
2024,36,la Font d'en Fargues,7,Horta-Guinardó,109,16,20,65,0,14.678899082568808,18.34862385321101,59.63302752293578
2024,37,el Carmel,7,Horta-Guinardó,822,69,290,369,0,8.394160583941606,35.27980535279806,44.89051094890511
2024,38,la Teixonera,7,Horta-Guinardó,221,31,77,85,0,14.027149321266968,34.841628959276015,38.46153846153847
2024,39,Sant Genís dels Agudells,7,Horta-Guinardó,105,5,25,63,0,4.761904761904762,23.809523809523807,60
2024,40,Montbau,7,Horta-Guinardó,115,9,26,64,0,7.82608695652174,22.608695652173914,55.65217391304348
2024,41,la Vall d'Hebron,7,Horta-Guinardó,129,9,15,74,0,6.976744186046512,11.627906976744185,57.36434108527132
2024,42,la Clota,7,Horta-Guinardó,13,1,0,4,0,7.6923076923076925,0,30.76923076923077
2024,43,Horta,7,Horta-Guinardó,923,81,336,397,0,8.775731310942579,36.403033586132175,43.01191765980498
2024,44,Vilapicina i la Torre Llobeta,8,Nou Barris,1013,81,279,546,0,7.996051332675222,27.541954590325762,53.89930898321816
2024,45,Porta,8,Nou Barris,870,83,263,434,0,9.540229885057471,30.22988505747126,49.88505747126437
2024,46,el Turó de la Peira,8,Nou Barris,437,36,181,174,0,8.237986270022883,41.41876430205949,39.816933638443935
2024,47,Can Peguera,8,Nou Barris,20,3,3,9,0,15,15,45
2024,48,la Guineueta,8,Nou Barris,350,30,99,177,0,8.571428571428571,28.285714285714285,50.57142857142857
2024,49,Canyelles,8,Nou Barris,124,5,49,58,0,4.032258064516129,39.516129032258064,46.774193548387096
2024,50,les Roquetes,8,Nou Barris,345,41,131,141,0,11.884057971014492,37.971014492753625,40.869565217391305
2024,51,Verdun,8,Nou Barris,479,50,174,215,0,10.438413361169102,36.32567849686848,44.88517745302714
2024,52,la Prosperitat,8,Nou Barris,908,96,244,450,0,10.572687224669604,26.87224669603524,49.55947136563877
2024,53,la Trinitat Nova,8,Nou Barris,90,4,36,37,0,4.444444444444445,40,41.11111111111111
2024,54,Torre Baró,8,Nou Barris,25,0,5,11,0,0,20,44
2024,55,Ciutat Meridiana,8,Nou Barris,161,16,62,71,0,9.937888198757763,38.50931677018634,44.099378881987576
2024,56,Vallbona,8,Nou Barris,24,3,5,9,0,12.5,20.833333333333336,37.5
2024,57,la Trinitat Vella,9,Sant Andreu,205,26,57,90,0,12.682926829268293,27.80487804878049,43.90243902439025
2024,58,Baró de Viver,9,Sant Andreu,43,5,8,23,0,11.627906976744185,18.6046511627907,53.48837209302325
2024,59,el Bon Pastor,9,Sant Andreu,881,55,280,322,0,6.242905788876277,31.782065834279226,36.54937570942111
2024,60,Sant Andreu,9,Sant Andreu,2055,203,576,1006,0,9.878345498783455,28.029197080291972,48.95377128953771
2024,61,la Sagrera,9,Sant Andreu,779,82,230,394,0,10.526315789473683,29.52503209242619,50.57766367137355
2024,62,el Congrés i els Indians,9,Sant Andreu,587,53,132,326,0,9.028960817717206,22.487223168654175,55.5366269165247
2024,63,Navas,9,Sant Andreu,644,51,192,342,0,7.919254658385093,29.81366459627329,53.105590062111794
2024,64,el Camp de l'Arpa del Clot,10,Sant Martí,1433,132,397,728,0,9.211444521981857,27.704117236566645,50.80251221214236
2024,65,el Clot,10,Sant Martí,922,95,286,446,0,10.303687635574837,31.019522776572668,48.37310195227766
2024,66,el Parc i la Llacuna del Poblenou,10,Sant Martí,835,69,192,486,0,8.263473053892216,22.994011976047904,58.203592814371255
2024,67,la Vila Olímpica del Poblenou,10,Sant Martí,415,49,72,245,0,11.80722891566265,17.349397590361445,59.036144578313255
2024,68,el Poblenou,10,Sant Martí,1623,104,456,864,0,6.40788662969809,28.09611829944547,53.23475046210721
2024,69,Diagonal Mar i el Front Marítim del Poblenou,10,Sant Martí,489,36,145,268,0,7.361963190184049,29.65235173824131,54.805725971370144
2024,70,el Besòs i el Maresme,10,Sant Martí,503,32,170,253,0,6.36182902584493,33.79721669980119,50.29821073558648
2024,71,Provençals del Poblenou,10,Sant Martí,634,59,122,340,0,9.305993690851736,19.242902208201894,53.62776025236593
2024,72,Sant Martí de Provençals,10,Sant Martí,720,44,231,360,0,6.111111111111111,32.083333333333336,50
2024,73,la Verneda i la Pau,10,Sant Martí,991,110,273,416,0,11.099899091826437,27.547931382441977,41.97780020181634
