Any,Codi_barri,Nom_barri,total_habitatges
2018,1,el Raval,23112
2018,2,el Gòtic,10332
2018,3,la Barceloneta,9160
2018,4,"Sant Pere, Santa Caterina i la Ribera",14439
2018,5,el Fort Pienc,15135
2018,6,la Sagrada Família,26509
2018,7,la Dreta de l'Eixample,25214
2018,8,l'Antiga Esquerra de l'Eixample,23441
2018,9,la Nova Esquerra de l'Eixample,29721
2018,10,Sant Antoni,19484
2018,11,el Poble-sec,18520
2018,12,la Marina del Prat Vermell,776
2018,13,la Marina de Port,13315
2018,14,la Font de la Guatlla,4909
2018,15,Hostafrancs,8005
2018,16,la Bordeta,8838
2018,17,Sants - Badal,11718
2018,18,Sants,20987
2018,19,les Corts,23062
2018,20,la Maternitat i Sant Ramon,11652
2018,21,Pedralbes,6102
2018,22,"Vallvidrera, el Tibidabo i les Planes",3034
2018,23,Sarrià,12609
2018,24,les Tres Torres,7024
2018,25,Sant Gervasi - la Bonanova,12618
2018,26,Sant Gervasi - Galvany,24984
2018,27,el Putget i Farró,16281
2018,28,Vallcarca i els Penitents,8973
2018,29,el Coll,3930
2018,30,la Salut,6858
2018,31,Vila de Gràcia,30747
2018,32,el Camp d'en Grassot i Gràcia Nova,18317
2018,33,el Baix Guinardó,12474
2018,34,Can Baró,4821
2018,35,el Guinardó,18761
2018,36,la Font d'en Fargues,5324
2018,37,el Carmel,15481
2018,38,la Teixonera,5966
2018,39,Sant Genís dels Agudells,3509
2018,40,Montbau,2562
2018,41,la Vall d'Hebron,2654
2018,42,la Clota,417
2018,43,Horta,13472
2018,44,Vilapicina i la Torre Llobeta,12241
2018,45,Porta,11476
2018,46,el Turó de la Peira,6956
2018,47,Can Peguera,1047
2018,48,la Guineueta,6801
2018,49,Canyelles,2919
2018,50,les Roquetes,7084
2018,51,Verdun,5913
2018,52,la Prosperitat,12171
2018,53,la Trinitat Nova,3584
2018,54,Torre Baró,1701
2018,55,Ciutat Meridiana,3957
2018,56,Vallbona,845
2018,57,la Trinitat Vella,4194
2018,58,Baró de Viver,1112
2018,59,el Bon Pastor,5333
2018,60,Sant Andreu,29096
2018,61,la Sagrera,13488
2018,62,el Congrés i els Indians,7031
2018,63,Navas,10275
2018,64,Camp de l'Arpa del Clot,19870
2018,65,el Clot,12414
2018,66,el Parc i la Llacuna del Poblenou,7083
2018,67,la Vila Olímpica del Poblenou,4653
2018,68,el Poblenou,16436
2018,69,Diagonal Mar i el Front Marítim del Poblenou,6298
2018,70,el Besòs i el Maresme,9645
2018,71,Provençals del Poblenou,9194
2018,72,Sant Martí de Provençals,11692
2018,73,la Verneda i la Pau,13063
2019,1,el Raval,23112
2019,2,el Gòtic,10332
2019,3,la Barceloneta,9160
2019,4,"Sant Pere, Santa Caterina i la Ribera",14452
2019,5,el Fort Pienc,15136
2019,6,la Sagrada Família,26509
2019,7,la Dreta de l'Eixample,25215
2019,8,l'Antiga Esquerra de l'Eixample,23450
2019,9,la Nova Esquerra de l'Eixample,29721
2019,10,Sant Antoni,19484
2019,11,el Poble-sec,18520
2019,12,la Marina del Prat Vermell,776
2019,13,la Marina de Port,13334
2019,14,la Font de la Guatlla,4909
2019,15,Hostafrancs,8005
2019,16,la Bordeta,8838
2019,17,Sants - Badal,11722
2019,18,Sants,20989
2019,19,les Corts,23062
2019,20,la Maternitat i Sant Ramon,11654
2019,21,Pedralbes,6102
2019,22,"Vallvidrera, el Tibidabo i les Planes",3034
2019,23,Sarrià,12609
2019,24,les Tres Torres,7027
2019,25,Sant Gervasi - la Bonanova,12622
2019,26,Sant Gervasi - Galvany,24990
2019,27,el Putget i Farró,16281
2019,28,Vallcarca i els Penitents,8973
2019,29,el Coll,3930
2019,30,la Salut,6869
2019,31,Vila de Gràcia,30748
2019,32,el Camp d'en Grassot i Gràcia Nova,18317
2019,33,el Baix Guinardó,12475
2019,34,Can Baró,4826
2019,35,el Guinardó,18761
2019,36,la Font d'en Fargues,5329
2019,37,el Carmel,15481
2019,38,la Teixonera,5966
2019,39,Sant Genís dels Agudells,3509
2019,40,Montbau,2562
2019,41,la Vall d'Hebron,2654
2019,42,la Clota,419
2019,43,Horta,13472
2019,44,Vilapicina i la Torre Llobeta,12241
2019,45,Porta,11488
2019,46,el Turó de la Peira,6956
2019,47,Can Peguera,1047
2019,48,la Guineueta,6801
2019,49,Canyelles,2919
2019,50,les Roquetes,7084
2019,51,Verdun,5913
2019,52,la Prosperitat,12171
2019,53,la Trinitat Nova,3649
2019,54,Torre Baró,1701
2019,55,Ciutat Meridiana,3957
2019,56,Vallbona,845
2019,57,la Trinitat Vella,4194
2019,58,Baró de Viver,1112
2019,59,el Bon Pastor,5333
2019,60,Sant Andreu,29120
2019,61,la Sagrera,13488
2019,62,el Congrés i els Indians,7031
2019,63,Navas,10275
2019,64,Camp de l'Arpa del Clot,19870
2019,65,el Clot,12414
2019,66,el Parc i la Llacuna del Poblenou,7083
2019,67,la Vila Olímpica del Poblenou,4653
2019,68,el Poblenou,16436
2019,69,Diagonal Mar i el Front Marítim del Poblenou,6298
2019,70,el Besòs i el Maresme,9645
2019,71,Provençals del Poblenou,9194
2019,72,Sant Martí de Provençals,11692
2019,73,la Verneda i la Pau,13063
2020,1,el Raval,23202
2020,2,el Gòtic,10353
2020,3,la Barceloneta,9145
2020,4,"Sant Pere, Santa Caterina i la Ribera",14481
2020,5,el Fort Pienc,15168
2020,6,la Sagrada Família,26513
2020,7,la Dreta de l'Eixample,25390
2020,8,l'Antiga Esquerra de l'Eixample,23532
2020,9,la Nova Esquerra de l'Eixample,29766
2020,10,Sant Antoni,19488
2020,11,el Poble-sec,18569
2020,12,la Marina del Prat Vermell,776
2020,13,la Marina de Port,13335
2020,14,la Font de la Guatlla,4917
2020,15,Hostafrancs,8038
2020,16,la Bordeta,8839
2020,17,Sants - Badal,11746
2020,18,Sants,21045
2020,19,les Corts,23114
2020,20,la Maternitat i Sant Ramon,11738
2020,21,Pedralbes,6099
2020,22,"Vallvidrera, el Tibidabo i les Planes",3044
2020,23,Sarrià,12655
2020,24,les Tres Torres,7034
2020,25,Sant Gervasi - la Bonanova,12658
2020,26,Sant Gervasi - Galvany,25097
2020,27,el Putget i Farró,16314
2020,28,Vallcarca i els Penitents,9040
2020,29,el Coll,3959
2020,30,la Salut,6890
2020,31,Vila de Gràcia,30894
2020,32,el Camp d'en Grassot i Gràcia Nova,18403
2020,33,el Baix Guinardó,12508
2020,34,Can Baró,4839
2020,35,el Guinardó,18820
2020,36,la Font d'en Fargues,5323
2020,37,el Carmel,15508
2020,38,la Teixonera,5983
2020,39,Sant Genís dels Agudells,3469
2020,40,Montbau,2562
2020,41,la Vall d'Hebron,2655
2020,42,la Clota,419
2020,43,Horta,13491
2020,44,Vilapicina i la Torre Llobeta,12267
2020,45,Porta,11507
2020,46,el Turó de la Peira,7059
2020,47,Can Peguera,1047
2020,48,la Guineueta,6801
2020,49,Canyelles,2919
2020,50,les Roquetes,7083
2020,51,Verdun,5918
2020,52,la Prosperitat,12197
2020,53,la Trinitat Nova,3650
2020,54,Torre Baró,1700
2020,55,Ciutat Meridiana,3957
2020,56,Vallbona,845
2020,57,la Trinitat Vella,4195
2020,58,Baró de Viver,1112
2020,59,el Bon Pastor,5097
2020,60,Sant Andreu,29217
2020,61,la Sagrera,13493
2020,62,el Congrés i els Indians,7056
2020,63,Navas,10273
2020,64,Camp de l'Arpa del Clot,19958
2020,65,el Clot,12420
2020,66,el Parc i la Llacuna del Poblenou,7594
2020,67,la Vila Olímpica del Poblenou,4653
2020,68,el Poblenou,16638
2020,69,Diagonal Mar i el Front Marítim del Poblenou,6296
2020,70,el Besòs i el Maresme,9763
2020,71,Provençals del Poblenou,8780
2020,72,Sant Martí de Provençals,11694
2020,73,la Verneda i la Pau,13067
2021,1,el Raval,23349
2021,2,el Gòtic,10484
2021,3,la Barceloneta,9223
2021,4,"Sant Pere, Santa Caterina i la Ribera",14612
2021,5,el Fort Pienc,15386
2021,6,la Sagrada Família,27051
2021,7,la Dreta de l'Eixample,26618
2021,8,l'Antiga Esquerra de l'Eixample,24175
2021,9,la Nova Esquerra de l'Eixample,30107
2021,10,Sant Antoni,20120
2021,11,el Poble-sec,19216
2021,12,la Marina del Prat Vermell,843
2021,13,la Marina de Port,13332
2021,14,la Font de la Guatlla,5072
2021,15,Hostafrancs,8192
2021,16,la Bordeta,8946
2021,17,Sants - Badal,11876
2021,18,Sants,21295
2021,19,les Corts,23309
2021,20,la Maternitat i Sant Ramon,11791
2021,21,Pedralbes,6105
2021,22,"Vallvidrera, el Tibidabo i les Planes",3069
2021,23,Sarrià,12714
2021,24,les Tres Torres,7072
2021,25,Sant Gervasi - la Bonanova,12707
2021,26,Sant Gervasi - Galvany,25392
2021,27,el Putget i Farró,16525
2021,28,Vallcarca i els Penitents,9093
2021,29,el Coll,3986
2021,30,la Salut,6961
2021,31,Vila de Gràcia,31703
2021,32,el Camp d'en Grassot i Gràcia Nova,18655
2021,33,el Baix Guinardó,12598
2021,34,Can Baró,4874
2021,35,el Guinardó,18966
2021,36,la Font d'en Fargues,5360
2021,37,el Carmel,15534
2021,38,la Teixonera,6001
2021,39,Sant Genís dels Agudells,3482
2021,40,Montbau,2562
2021,41,la Vall d'Hebron,2655
2021,42,la Clota,416
2021,43,Horta,13544
2021,44,Vilapicina i la Torre Llobeta,12306
2021,45,Porta,11519
2021,46,el Turó de la Peira,7056
2021,47,Can Peguera,1047
2021,48,la Guineueta,6801
2021,49,Canyelles,2920
2021,50,les Roquetes,7103
2021,51,Verdun,5934
2021,52,la Prosperitat,12208
2021,53,la Trinitat Nova,3649
2021,54,Torre Baró,1701
2021,55,Ciutat Meridiana,3957
2021,56,Vallbona,845
2021,57,la Trinitat Vella,4198
2021,58,Baró de Viver,1112
2021,59,el Bon Pastor,5265
2021,60,Sant Andreu,29316
2021,61,la Sagrera,13520
2021,62,el Congrés i els Indians,7063
2021,63,Navas,10367
2021,64,Camp de l'Arpa del Clot,20092
2021,65,el Clot,12475
2021,66,el Parc i la Llacuna del Poblenou,7760
2021,67,la Vila Olímpica del Poblenou,4657
2021,68,el Poblenou,16889
2021,69,Diagonal Mar i el Front Marítim del Poblenou,6330
2021,70,el Besòs i el Maresme,9764
2021,71,Provençals del Poblenou,8960
2021,72,Sant Martí de Provençals,11712
2021,73,la Verneda i la Pau,13077
2022,1,el Raval,23413
2022,2,el Gòtic,10499
2022,3,la Barceloneta,9221
2022,4,"Sant Pere, Santa Caterina i la Ribera",14620
2022,5,el Fort Pienc,15518
2022,6,la Sagrada Família,27219
2022,7,la Dreta de l'Eixample,26941
2022,8,l'Antiga Esquerra de l'Eixample,24296
2022,9,la Nova Esquerra de l'Eixample,30230
2022,10,Sant Antoni,20130
2022,11,el Poble-sec,19249
2022,12,la Marina del Prat Vermell,940
2022,13,la Marina de Port,13361
2022,14,la Font de la Guatlla,5074
2022,15,Hostafrancs,8221
2022,16,la Bordeta,8949
2022,17,Sants - Badal,11915
2022,18,Sants,21325
2022,19,les Corts,23328
2022,20,la Maternitat i Sant Ramon,11782
2022,21,Pedralbes,6107
2022,22,"Vallvidrera, el Tibidabo i les Planes",3069
2022,23,Sarrià,12842
2022,24,les Tres Torres,7072
2022,25,Sant Gervasi - la Bonanova,12766
2022,26,Sant Gervasi - Galvany,25461
2022,27,el Putget i Farró,16561
2022,28,Vallcarca i els Penitents,9091
2022,29,el Coll,4029
2022,30,la Salut,6958
2022,31,Vila de Gràcia,31775
2022,32,el Camp d'en Grassot i Gràcia Nova,18691
2022,33,el Baix Guinardó,12611
2022,34,Can Baró,4883
2022,35,el Guinardó,19014
2022,36,la Font d'en Fargues,5363
2022,37,el Carmel,15546
2022,38,la Teixonera,6010
2022,39,Sant Genís dels Agudells,3481
2022,40,Montbau,2562
2022,41,la Vall d'Hebron,2657
2022,42,la Clota,416
2022,43,Horta,13560
2022,44,Vilapicina i la Torre Llobeta,12321
2022,45,Porta,11523
2022,46,el Turó de la Peira,7058
2022,47,Can Peguera,1047
2022,48,la Guineueta,6801
2022,49,Canyelles,2920
2022,50,les Roquetes,7103
2022,51,Verdun,5947
2022,52,la Prosperitat,12214
2022,53,la Trinitat Nova,3467
2022,54,Torre Baró,1703
2022,55,Ciutat Meridiana,3957
2022,56,Vallbona,844
2022,57,la Trinitat Vella,4198
2022,58,Baró de Viver,1112
2022,59,el Bon Pastor,5504
2022,60,Sant Andreu,29415
2022,61,la Sagrera,13681
2022,62,el Congrés i els Indians,7079
2022,63,Navas,10388
2022,64,Camp de l'Arpa del Clot,20130
2022,65,el Clot,12542
2022,66,el Parc i la Llacuna del Poblenou,7722
2022,67,la Vila Olímpica del Poblenou,4690
2022,68,el Poblenou,17052
2022,69,Diagonal Mar i el Front Marítim del Poblenou,6330
2022,70,el Besòs i el Maresme,9868
2022,71,Provençals del Poblenou,9391
2022,72,Sant Martí de Provençals,11717
2022,73,la Verneda i la Pau,13077
2023,1,el Raval,23394
2023,2,el Barri Gòtic,10499
2023,3,la Barceloneta,9232
2023,4,"Sant Pere, Santa Caterina i la Ribera",14626
2023,5,el Fort Pienc,15567
2023,6,la Sagrada Família,27282
2023,7,la Dreta de l'Eixample,27040
2023,8,l'Antiga Esquerra de l'Eixample,24359
2023,9,la Nova Esquerra de l'Eixample,30293
2023,10,Sant Antoni,20147
2023,11,el Poble-sec,19189
2023,12,la Marina del Prat Vermell,901
2023,13,la Marina de Port,13369
2023,14,la Font de la Guatlla,5123
2023,15,Hostafrancs,8232
2023,16,la Bordeta,9448
2023,17,Sants - Badal,11945
2023,18,Sants,21403
2023,19,les Corts,23343
2023,20,la Maternitat i Sant Ramon,11805
2023,21,Pedralbes,6119
2023,22,"Vallvidrera, el Tibidabo i les Planes",3083
2023,23,Sarrià,12868
2023,24,les Tres Torres,7067
2023,25,Sant Gervasi - la Bonanova,12793
2023,26,Sant Gervasi - Galvany,25648
2023,27,el Putxet i el Farró,16572
2023,28,Vallcarca i els Penitents,9111
2023,29,el Coll,4021
2023,30,la Salut,6975
2023,31,la Vila de Gràcia,31775
2023,32,el Camp d'en Grassot i Gràcia Nova,18699
2023,33,el Baix Guinardó,12626
2023,34,Can Baró,4900
2023,35,el Guinardó,19071
2023,36,la Font d'en Fargues,5368
2023,37,el Carmel,15551
2023,38,la Teixonera,6034
2023,39,Sant Genís dels Agudells,3482
2023,40,Montbau,2562
2023,41,la Vall d'Hebron,2657
2023,42,la Clota,417
2023,43,Horta,13584
2023,44,Vilapicina i la Torre Llobeta,12344
2023,45,Porta,11524
2023,46,el Turó de la Peira,7066
2023,47,Can Peguera,1047
2023,48,la Guineueta,6801
2023,49,Canyelles,2920
2023,50,les Roquetes,7138
2023,51,Verdun,5943
2023,52,la Prosperitat,12218
2023,53,la Trinitat Nova,3468
2023,54,Torre Baró,1700
2023,55,Ciutat Meridiana,3958
2023,56,Vallbona,842
2023,57,la Trinitat Vella,4197
2023,58,Baró de Viver,1112
2023,59,el Bon Pastor,5408
2023,60,Sant Andreu,29527
2023,61,la Sagrera,13770
2023,62,el Congrés i els Indians,7109
2023,63,Navas,10401
2023,64,el Camp de l'Arpa del Clot,20182
2023,65,el Clot,12584
2023,66,el Parc i la Llacuna del Poblenou,7787
2023,67,la Vila Olímpica del Poblenou,4723
2023,68,el Poblenou,17118
2023,69,Diagonal Mar i el Front Marítim del Poblenou,6330
2023,70,el Besòs i el Maresme,10057
2023,71,Provençals del Poblenou,9394
2023,72,Sant Martí de Provençals,11816
2023,73,la Verneda i la Pau,13614
2024,1,el Raval,23543
2024,2,el Barri Gòtic,10521
2024,3,la Barceloneta,9245
2024,4,"Sant Pere, Santa Caterina i la Ribera",14614
2024,5,el Fort Pienc,15605
2024,6,la Sagrada Família,27347
2024,7,la Dreta de l'Eixample,27121
2024,8,l'Antiga Esquerra de l'Eixample,24391
2024,9,la Nova Esquerra de l'Eixample,30322
2024,10,Sant Antoni,20159
2024,11,el Poble-sec,19210
2024,12,la Marina del Prat Vermell,1222
2024,13,la Marina de Port,13375
2024,14,la Font de la Guatlla,5120
2024,15,Hostafrancs,8247
2024,16,la Bordeta,9503
2024,17,Sants - Badal,12000
2024,18,Sants,21444
2024,19,les Corts,23357
2024,20,la Maternitat i Sant Ramon,11815
2024,21,Pedralbes,6129
2024,22,"Vallvidrera, el Tibidabo i les Planes",3072
2024,23,Sarrià,12911
2024,24,les Tres Torres,7079
2024,25,Sant Gervasi - la Bonanova,12832
2024,26,Sant Gervasi - Galvany,25704
2024,27,el Putxet i el Farró,16590
2024,28,Vallcarca i els Penitents,9181
2024,29,el Coll,4028
2024,30,la Salut,6999
2024,31,la Vila de Gràcia,31797
2024,32,el Camp d'en Grassot i Gràcia Nova,18739
2024,33,el Baix Guinardó,12626
2024,34,Can Baró,4913
2024,35,el Guinardó,19211
2024,36,la Font d'en Fargues,5353
2024,37,el Carmel,15565
2024,38,la Teixonera,6048
2024,39,Sant Genís dels Agudells,3479
2024,40,Montbau,2563
2024,41,la Vall d'Hebron,2657
2024,42,la Clota,522
2024,43,Horta,13609
2024,44,Vilapicina i la Torre Llobeta,12368
2024,45,Porta,11558
2024,46,el Turó de la Peira,7068
2024,47,Can Peguera,1047
2024,48,la Guineueta,6801
2024,49,Canyelles,2922
2024,50,les Roquetes,7139
2024,51,Verdun,5958
2024,52,la Prosperitat,12237
2024,53,la Trinitat Nova,3471
2024,54,Torre Baró,1737
2024,55,Ciutat Meridiana,3959
2024,56,Vallbona,842
2024,57,la Trinitat Vella,4372
2024,58,Baró de Viver,1112
2024,59,el Bon Pastor,5463
2024,60,Sant Andreu,29613
2024,61,la Sagrera,13811
2024,62,el Congrés i els Indians,7117
2024,63,Navas,10445
2024,64,el Camp de l'Arpa del Clot,20187
2024,65,el Clot,12618
2024,66,el Parc i la Llacuna del Poblenou,7864
2024,67,la Vila Olímpica del Poblenou,4723
2024,68,el Poblenou,17184
2024,69,Diagonal Mar i el Front Marítim del Poblenou,6340
2024,70,el Besòs i el Maresme,10060
2024,71,Provençals del Poblenou,9410
2024,72,Sant Martí de Provençals,11820
2024,73,la Verneda i la Pau,13610
2025,1,el Raval,23558
2025,2,el Barri Gòtic,10475
2025,3,la Barceloneta,9255
2025,4,"Sant Pere, Santa Caterina i la Ribera",14643
2025,5,el Fort Pienc,15687
2025,6,la Sagrada Família,27445
2025,7,la Dreta de l'Eixample,27246
2025,8,l'Antiga Esquerra de l'Eixample,24446
2025,9,la Nova Esquerra de l'Eixample,30410
2025,10,Sant Antoni,20198
2025,11,el Poble-sec,19228
2025,12,la Marina del Prat Vermell,1654
2025,13,la Marina de Port,13395
2025,14,la Font de la Guatlla,5124
2025,15,Hostafrancs,8268
2025,16,la Bordeta,9586
2025,17,Sants - Badal,12006
2025,18,Sants,21474
2025,19,les Corts,23380
2025,20,la Maternitat i Sant Ramon,11841
2025,21,Pedralbes,6135
2025,22,"Vallvidrera, el Tibidabo i les Planes",3082
2025,23,Sarrià,12915
2025,24,les Tres Torres,7084
2025,25,Sant Gervasi - la Bonanova,12946
2025,26,Sant Gervasi - Galvany,25805
2025,27,el Putxet i el Farró,16619
2025,28,Vallcarca i els Penitents,9187
2025,29,el Coll,4025
2025,30,la Salut,7050
2025,31,la Vila de Gràcia,31832
2025,32,el Camp d'en Grassot i Gràcia Nova,18769
2025,33,el Baix Guinardó,12625
2025,34,Can Baró,4921
2025,35,el Guinardó,19282
2025,36,la Font d'en Fargues,5367
2025,37,el Carmel,15579
2025,38,la Teixonera,6061
2025,39,Sant Genís dels Agudells,3487
2025,40,Montbau,2563
2025,41,la Vall d'Hebron,2657
2025,42,la Clota,625
2025,43,Horta,13692
2025,44,Vilapicina i la Torre Llobeta,12368
2025,45,Porta,11581
2025,46,el Turó de la Peira,7069
2025,47,Can Peguera,1047
2025,48,la Guineueta,6801
2025,49,Canyelles,2922
2025,50,les Roquetes,7149
2025,51,Verdun,5964
2025,52,la Prosperitat,12248
2025,53,la Trinitat Nova,3471
2025,54,Torre Baró,1732
2025,55,Ciutat Meridiana,3959
2025,56,Vallbona,842
2025,57,la Trinitat Vella,4371
2025,58,Baró de Viver,1112
2025,59,el Bon Pastor,5461
2025,60,Sant Andreu,29646
2025,61,la Sagrera,14037
2025,62,el Congrés i els Indians,7141
2025,63,Navas,10474
2025,64,el Camp de l'Arpa del Clot,20205
2025,65,el Clot,12620
2025,66,el Parc i la Llacuna del Poblenou,7910
2025,67,la Vila Olímpica del Poblenou,4725
2025,68,el Poblenou,17367
2025,69,Diagonal Mar i el Front Marítim del Poblenou,6429
2025,70,el Besòs i el Maresme,10145
2025,71,Provençals del Poblenou,9467
2025,72,Sant Martí de Provençals,11828
2025,73,la Verneda i la Pau,13767
