Nom_Barri,Any,preu_m2
el Raval,2014,10.47
el Barri Gòtic,2014,10.54
la Barceloneta,2014,15.15
"Sant Pere, Santa Caterina i la Ribera",2014,11.24
el Fort Pienc,2014,9.98
la Sagrada Família,2014,10.46
la Dreta de l'Eixample,2014,10.06
l'Antiga Esquerra de l'Eixample,2014,10.48
la Nova Esquerra de l'Eixample,2014,10.42
Sant Antoni,2014,10.01
el Poble-sec,2014,10.19
la Marina del Prat Vermell,2014,6.61
la Marina de Port,2014,7.99
la Font de la Guatlla,2014,10.62
Hostafrancs,2014,10.27
la Bordeta,2014,9.31
Sants - Badal,2014,9.94
Sants,2014,10.07
les Corts,2014,11.07
la Maternitat i Sant Ramon,2014,10.38
Pedralbes,2014,12.33
"Vallvidrera, el Tibidabo i les Planes",2014,10.6
Sarrià,2014,13.59
les Tres Torres,2014,13.52
Sant Gervasi - la Bonanova,2014,11.55
Sant Gervasi - Galvany,2014,11.69
el Putxet i el Farró,2014,11.01
Vallcarca i els Penitents,2014,10.26
el Coll,2014,9.52
la Salut,2014,9.97
la Vila de Gràcia,2014,11.25
el Camp d'en Grassot i Gràcia Nova,2014,10.36
el Baix Guinardó,2014,9.56
Can Baró,2014,9.42
el Guinardó,2014,9.18
la Font d'en Fargues,2014,9.26
el Carmel,2014,8.63
la Teixonera,2014,8.35
Sant Genís dels Agudells,2014,7.75
Montbau,2014,9.27
la Vall d'Hebron,2014,9.95
la Clota,2014,10.45
Horta,2014,8.94
Vilapicina i la Torre Llobeta,2014,8.8
Porta,2014,8.64
el Turó de la Peira,2014,7.81
Can Peguera,2014,5.29
la Guineueta,2014,8.21
Canyelles,2014,6.98
les Roquetes,2014,8.33
Verdun,2014,9.22
la Prosperitat,2014,8.9
la Trinitat Nova,2014,8.54
Torre Baró,2014,5.92
Ciutat Meridiana,2014,6.38
Vallbona,2014,4.25
la Trinitat Vella,2014,6.98
Baró de Viver,2014,3.92
el Bon Pastor,2014,8.05
Sant Andreu,2014,9.19
la Sagrera,2014,9.05
el Congrés i els Indians,2014,9.24
Navas,2014,8.91
el Camp de l'Arpa del Clot,2014,9.74
el Clot,2014,9.63
el Parc i la Llacuna del Poblenou,2014,10.24
la Vila Olímpica del Poblenou,2014,13.18
el Poblenou,2014,10.57
Diagonal Mar i el Front Marítim del Poblenou,2014,11.18
el Besòs i el Maresme,2014,7.74
Provençals del Poblenou,2014,9.67
Sant Martí de Provençals,2014,8.88
la Verneda i la Pau,2014,8.32
el Raval,2015,11.1
el Barri Gòtic,2015,11.21
la Barceloneta,2015,16.33
"Sant Pere, Santa Caterina i la Ribera",2015,12.7
el Fort Pienc,2015,10.89
la Sagrada Família,2015,11.11
la Dreta de l'Eixample,2015,11.29
l'Antiga Esquerra de l'Eixample,2015,11.37
la Nova Esquerra de l'Eixample,2015,11.27
Sant Antoni,2015,10.96
el Poble-sec,2015,11.09
la Marina del Prat Vermell,2015,6.61
la Marina de Port,2015,8.36
la Font de la Guatlla,2015,11.33
Hostafrancs,2015,11.12
la Bordeta,2015,9.84
Sants - Badal,2015,10.74
Sants,2015,10.99
les Corts,2015,11.85
la Maternitat i Sant Ramon,2015,11.42
Pedralbes,2015,14.15
"Vallvidrera, el Tibidabo i les Planes",2015,12.1
Sarrià,2015,14.54
les Tres Torres,2015,13.97
Sant Gervasi - la Bonanova,2015,12.82
Sant Gervasi - Galvany,2015,12.73
el Putxet i el Farró,2015,12.33
Vallcarca i els Penitents,2015,11.55
el Coll,2015,9.9
la Salut,2015,11.28
la Vila de Gràcia,2015,12.31
el Camp d'en Grassot i Gràcia Nova,2015,11.33
el Baix Guinardó,2015,10.57
Can Baró,2015,10.09
el Guinardó,2015,10.36
la Font d'en Fargues,2015,11.37
el Carmel,2015,9.11
la Teixonera,2015,9.51
Sant Genís dels Agudells,2015,8.32
Montbau,2015,10.07
la Vall d'Hebron,2015,10.07
la Clota,2015,7.97
Horta,2015,9.52
Vilapicina i la Torre Llobeta,2015,9.32
Porta,2015,9.1
el Turó de la Peira,2015,8.34
Can Peguera,2015,5.79
la Guineueta,2015,8.17
Canyelles,2015,7.21
les Roquetes,2015,8.72
Verdun,2015,9.14
la Prosperitat,2015,9.63
la Trinitat Nova,2015,8.79
Torre Baró,2015,6.06
Ciutat Meridiana,2015,6.62
Vallbona,2015,6.66
la Trinitat Vella,2015,8.01
Baró de Viver,2015,4.78
el Bon Pastor,2015,8.82
Sant Andreu,2015,10.03
la Sagrera,2015,9.73
el Congrés i els Indians,2015,9.45
Navas,2015,9.73
el Camp de l'Arpa del Clot,2015,10.63
el Clot,2015,10.31
el Parc i la Llacuna del Poblenou,2015,11.49
la Vila Olímpica del Poblenou,2015,14.29
el Poblenou,2015,11.73
Diagonal Mar i el Front Marítim del Poblenou,2015,12.49
el Besòs i el Maresme,2015,8.38
Provençals del Poblenou,2015,9.96
Sant Martí de Provençals,2015,9.4
la Verneda i la Pau,2015,9.1
el Raval,2016,12.26
el Barri Gòtic,2016,13.04
la Barceloneta,2016,18.18
"Sant Pere, Santa Caterina i la Ribera",2016,14.09
el Fort Pienc,2016,11.76
la Sagrada Família,2016,12.2
la Dreta de l'Eixample,2016,12.86
l'Antiga Esquerra de l'Eixample,2016,12.73
la Nova Esquerra de l'Eixample,2016,12.37
Sant Antoni,2016,12.08
el Poble-sec,2016,12.28
la Marina del Prat Vermell,2016,5.87
la Marina de Port,2016,8.87
la Font de la Guatlla,2016,12.05
Hostafrancs,2016,12.16
la Bordeta,2016,10.82
Sants - Badal,2016,11.75
Sants,2016,11.89
les Corts,2016,13.04
la Maternitat i Sant Ramon,2016,12.91
Pedralbes,2016,14.65
"Vallvidrera, el Tibidabo i les Planes",2016,15.08
Sarrià,2016,15.94
les Tres Torres,2016,15.64
Sant Gervasi - la Bonanova,2016,14.22
Sant Gervasi - Galvany,2016,13.78
el Putxet i el Farró,2016,13.73
Vallcarca i els Penitents,2016,12.65
el Coll,2016,11.23
la Salut,2016,12.11
la Vila de Gràcia,2016,13.5
el Camp d'en Grassot i Gràcia Nova,2016,12.48
el Baix Guinardó,2016,11.43
Can Baró,2016,11.5
el Guinardó,2016,11.14
la Font d'en Fargues,2016,11.89
el Carmel,2016,9.82
la Teixonera,2016,10.18
Sant Genís dels Agudells,2016,8.73
Montbau,2016,10.29
la Vall d'Hebron,2016,11.23
la Clota,2016,12.32
Horta,2016,10.6
Vilapicina i la Torre Llobeta,2016,10.49
Porta,2016,10.05
el Turó de la Peira,2016,9.45
Can Peguera,2016,8.07
la Guineueta,2016,8.78
Canyelles,2016,8.04
les Roquetes,2016,9.36
Verdun,2016,10.1
la Prosperitat,2016,10.3
la Trinitat Nova,2016,8.6
Torre Baró,2016,7.39
Ciutat Meridiana,2016,6.97
Vallbona,2016,7.9
la Trinitat Vella,2016,8.51
Baró de Viver,2016,3.52
el Bon Pastor,2016,8.71
Sant Andreu,2016,10.9
la Sagrera,2016,10.49
el Congrés i els Indians,2016,10.39
Navas,2016,10.81
el Camp de l'Arpa del Clot,2016,11.71
el Clot,2016,11.19
el Parc i la Llacuna del Poblenou,2016,12.79
la Vila Olímpica del Poblenou,2016,16.21
el Poblenou,2016,12.79
Diagonal Mar i el Front Marítim del Poblenou,2016,13.87
el Besòs i el Maresme,2016,8.77
Provençals del Poblenou,2016,11.78
Sant Martí de Provençals,2016,9.97
la Verneda i la Pau,2016,9.11
el Raval,2017,13.92
el Barri Gòtic,2017,14.19
la Barceloneta,2017,19.84
"Sant Pere, Santa Caterina i la Ribera",2017,15.71
el Fort Pienc,2017,13.11
la Sagrada Família,2017,13.35
la Dreta de l'Eixample,2017,13.54
l'Antiga Esquerra de l'Eixample,2017,13.73
la Nova Esquerra de l'Eixample,2017,13.55
Sant Antoni,2017,13.02
el Poble-sec,2017,13.69
la Marina del Prat Vermell,2017,6.28
la Marina de Port,2017,10.36
la Font de la Guatlla,2017,13.03
Hostafrancs,2017,12.91
la Bordeta,2017,11.94
Sants - Badal,2017,13.15
Sants,2017,13.18
les Corts,2017,14.33
la Maternitat i Sant Ramon,2017,13.37
Pedralbes,2017,16.21
"Vallvidrera, el Tibidabo i les Planes",2017,16.58
Sarrià,2017,17.51
les Tres Torres,2017,16.88
Sant Gervasi - la Bonanova,2017,15.38
Sant Gervasi - Galvany,2017,14.61
el Putxet i el Farró,2017,14.88
Vallcarca i els Penitents,2017,14.11
el Coll,2017,12.45
la Salut,2017,12.34
la Vila de Gràcia,2017,15.01
el Camp d'en Grassot i Gràcia Nova,2017,13.57
el Baix Guinardó,2017,12.59
Can Baró,2017,12.42
el Guinardó,2017,12.28
la Font d'en Fargues,2017,13.11
el Carmel,2017,11.01
la Teixonera,2017,11.18
Sant Genís dels Agudells,2017,9.52
Montbau,2017,12.52
la Vall d'Hebron,2017,12.16
la Clota,2017,15.07
Horta,2017,11.65
Vilapicina i la Torre Llobeta,2017,11.37
Porta,2017,10.8
el Turó de la Peira,2017,10.59
Can Peguera,2017,11.18
la Guineueta,2017,9.38
Canyelles,2017,8.6
les Roquetes,2017,10.17
Verdun,2017,11.09
la Prosperitat,2017,11.26
la Trinitat Nova,2017,10.65
Torre Baró,2017,6.78
Ciutat Meridiana,2017,7.59
Vallbona,2017,6.05
la Trinitat Vella,2017,9.16
Baró de Viver,2017,6.21
el Bon Pastor,2017,9.52
Sant Andreu,2017,12.33
la Sagrera,2017,10.84
el Congrés i els Indians,2017,11.37
Navas,2017,11.47
el Camp de l'Arpa del Clot,2017,12.95
el Clot,2017,12.45
el Parc i la Llacuna del Poblenou,2017,13.76
la Vila Olímpica del Poblenou,2017,17.13
el Poblenou,2017,13.97
Diagonal Mar i el Front Marítim del Poblenou,2017,16.03
el Besòs i el Maresme,2017,10.03
Provençals del Poblenou,2017,12.94
Sant Martí de Provençals,2017,10.9
la Verneda i la Pau,2017,10.16
el Raval,2018,14.02
el Barri Gòtic,2018,13.8
la Barceloneta,2018,16.88
"Sant Pere, Santa Caterina i la Ribera",2018,15.02
el Fort Pienc,2018,13.13
la Sagrada Família,2018,13.71
la Dreta de l'Eixample,2018,13.96
l'Antiga Esquerra de l'Eixample,2018,14.05
la Nova Esquerra de l'Eixample,2018,13.92
Sant Antoni,2018,13.17
el Poble-sec,2018,13.85
la Marina del Prat Vermell,2018,6.6899999999999995
la Marina de Port,2018,10.58
la Font de la Guatlla,2018,12.37
Hostafrancs,2018,13.54
la Bordeta,2018,12.15
Sants - Badal,2018,13.04
Sants,2018,13.15
les Corts,2018,14.84
la Maternitat i Sant Ramon,2018,13.59
Pedralbes,2018,15.35
"Vallvidrera, el Tibidabo i les Planes",2018,11.93
Sarrià,2018,17.25
les Tres Torres,2018,16.43
Sant Gervasi - la Bonanova,2018,16.1
Sant Gervasi - Galvany,2018,14.79
el Putxet i el Farró,2018,14.62
Vallcarca i els Penitents,2018,13.61
el Coll,2018,12.17
la Salut,2018,12.84
la Vila de Gràcia,2018,14.6
el Camp d'en Grassot i Gràcia Nova,2018,13.82
el Baix Guinardó,2018,12.66
Can Baró,2018,12.15
el Guinardó,2018,12.07
la Font d'en Fargues,2018,12.1
el Carmel,2018,11.33
la Teixonera,2018,12.12
Sant Genís dels Agudells,2018,9.68
Montbau,2018,11.02
la Vall d'Hebron,2018,12.32
la Clota,2018,7.97
Horta,2018,11.8
Vilapicina i la Torre Llobeta,2018,11.57
Porta,2018,11.44
el Turó de la Peira,2018,11.3
Can Peguera,2018,8.08
la Guineueta,2018,10.07
Canyelles,2018,9.47
les Roquetes,2018,11.21
Verdun,2018,11.65
la Prosperitat,2018,11.76
la Trinitat Nova,2018,12.02
Torre Baró,2018,8.24
Ciutat Meridiana,2018,8.72
Vallbona,2018,9.48
la Trinitat Vella,2018,10.01
Baró de Viver,2018,7.48
el Bon Pastor,2018,10.85
Sant Andreu,2018,11.91
la Sagrera,2018,11.92
el Congrés i els Indians,2018,11.93
Navas,2018,12.03
el Camp de l'Arpa del Clot,2018,13.03
el Clot,2018,12.55
el Parc i la Llacuna del Poblenou,2018,13.96
la Vila Olímpica del Poblenou,2018,16.87
el Poblenou,2018,14.46
Diagonal Mar i el Front Marítim del Poblenou,2018,15.27
el Besòs i el Maresme,2018,10.95
Provençals del Poblenou,2018,13.63
Sant Martí de Provençals,2018,11.5
la Verneda i la Pau,2018,11.19
el Raval,2019,14.32
el Barri Gòtic,2019,14.3
la Barceloneta,2019,17.4
"Sant Pere, Santa Caterina i la Ribera",2019,15.16
el Fort Pienc,2019,14.02
la Sagrada Família,2019,14.48
la Dreta de l'Eixample,2019,14.4
l'Antiga Esquerra de l'Eixample,2019,14.48
la Nova Esquerra de l'Eixample,2019,14.52
Sant Antoni,2019,13.85
el Poble-sec,2019,14.36
la Marina del Prat Vermell,2019,7.1
la Marina de Port,2019,10.83
la Font de la Guatlla,2019,12.84
Hostafrancs,2019,13.83
la Bordeta,2019,12.76
Sants - Badal,2019,13.82
Sants,2019,13.84
les Corts,2019,15.05
la Maternitat i Sant Ramon,2019,14.45
Pedralbes,2019,15.69
"Vallvidrera, el Tibidabo i les Planes",2019,13.86
Sarrià,2019,16.87
les Tres Torres,2019,17.05
Sant Gervasi - la Bonanova,2019,16.04
Sant Gervasi - Galvany,2019,15.28
el Putxet i el Farró,2019,15.03
Vallcarca i els Penitents,2019,14.04
el Coll,2019,12.72
la Salut,2019,13.15
la Vila de Gràcia,2019,15.1
el Camp d'en Grassot i Gràcia Nova,2019,14.73
el Baix Guinardó,2019,13.5
Can Baró,2019,13.4
el Guinardó,2019,12.92
la Font d'en Fargues,2019,12.85
el Carmel,2019,12.09
la Teixonera,2019,12.6
Sant Genís dels Agudells,2019,10.65
Montbau,2019,11.88
la Vall d'Hebron,2019,13.32
la Clota,2019,11.45
Horta,2019,12.46
Vilapicina i la Torre Llobeta,2019,12.17
Porta,2019,12.33
el Turó de la Peira,2019,11.7
Can Peguera,2019,11.92
la Guineueta,2019,10.48
Canyelles,2019,9.49
les Roquetes,2019,11.23
Verdun,2019,12.08
la Prosperitat,2019,12.02
la Trinitat Nova,2019,12.11
Torre Baró,2019,7.46
Ciutat Meridiana,2019,9.65
Vallbona,2019,8.08
la Trinitat Vella,2019,10.11
Baró de Viver,2019,6.51
el Bon Pastor,2019,10.5
Sant Andreu,2019,12.47
la Sagrera,2019,12.65
el Congrés i els Indians,2019,12.07
Navas,2019,12.43
el Camp de l'Arpa del Clot,2019,13.54
el Clot,2019,13.25
el Parc i la Llacuna del Poblenou,2019,15.02
la Vila Olímpica del Poblenou,2019,17.55
el Poblenou,2019,15.08
Diagonal Mar i el Front Marítim del Poblenou,2019,17.26
el Besòs i el Maresme,2019,11.34
Provençals del Poblenou,2019,14.11
Sant Martí de Provençals,2019,11.9
la Verneda i la Pau,2019,11.48
el Raval,2020,14.04
el Barri Gòtic,2020,13.63
la Barceloneta,2020,17.28
"Sant Pere, Santa Caterina i la Ribera",2020,14.62
el Fort Pienc,2020,13.9
la Sagrada Família,2020,14.31
la Dreta de l'Eixample,2020,14.16
l'Antiga Esquerra de l'Eixample,2020,14.32
la Nova Esquerra de l'Eixample,2020,14.42
Sant Antoni,2020,13.95
el Poble-sec,2020,14.26
la Marina del Prat Vermell,2020,6.5
la Marina de Port,2020,11.15
la Font de la Guatlla,2020,13.32
Hostafrancs,2020,13.96
la Bordeta,2020,12.98
Sants - Badal,2020,13.83
Sants,2020,13.86
les Corts,2020,14.86
la Maternitat i Sant Ramon,2020,13.97
Pedralbes,2020,15.47
"Vallvidrera, el Tibidabo i les Planes",2020,12.47
Sarrià,2020,16.98
les Tres Torres,2020,16.52
Sant Gervasi - la Bonanova,2020,15.31
Sant Gervasi - Galvany,2020,15.32
el Putxet i el Farró,2020,15.09
Vallcarca i els Penitents,2020,14.37
el Coll,2020,12.23
la Salut,2020,13.64
la Vila de Gràcia,2020,14.91
el Camp d'en Grassot i Gràcia Nova,2020,14.08
el Baix Guinardó,2020,13.76
Can Baró,2020,12.95
el Guinardó,2020,13.2
la Font d'en Fargues,2020,12.9
el Carmel,2020,11.98
la Teixonera,2020,12.1
Sant Genís dels Agudells,2020,10.62
Montbau,2020,11.89
la Vall d'Hebron,2020,12.23
la Clota,2020,11.45
Horta,2020,12.63
Vilapicina i la Torre Llobeta,2020,12.31
Porta,2020,12.06
el Turó de la Peira,2020,11.59
Can Peguera,2020,12.026
la Guineueta,2020,10.56
Canyelles,2020,9.66
les Roquetes,2020,11.65
Verdun,2020,12
la Prosperitat,2020,12.43
la Trinitat Nova,2020,11.83
Torre Baró,2020,8.76
Ciutat Meridiana,2020,9.25
Vallbona,2020,7.9
la Trinitat Vella,2020,10.86
Baró de Viver,2020,7.52
el Bon Pastor,2020,11.88
Sant Andreu,2020,12.5
la Sagrera,2020,12.4
el Congrés i els Indians,2020,12.52
Navas,2020,12.67
el Camp de l'Arpa del Clot,2020,13.57
el Clot,2020,13.35
el Parc i la Llacuna del Poblenou,2020,14.33
la Vila Olímpica del Poblenou,2020,17.66
el Poblenou,2020,14.92
Diagonal Mar i el Front Marítim del Poblenou,2020,16.66
el Besòs i el Maresme,2020,11.91
Provençals del Poblenou,2020,13.98
Sant Martí de Provençals,2020,11.78
la Verneda i la Pau,2020,11.55
el Raval,2021,12.91
el Barri Gòtic,2021,12.59
la Barceloneta,2021,16
"Sant Pere, Santa Caterina i la Ribera",2021,13.59
el Fort Pienc,2021,13.05
la Sagrada Família,2021,13.58
la Dreta de l'Eixample,2021,13.15
l'Antiga Esquerra de l'Eixample,2021,13.65
la Nova Esquerra de l'Eixample,2021,13.44
Sant Antoni,2021,12.96
el Poble-sec,2021,13.62
la Marina del Prat Vermell,2021,5.9
la Marina de Port,2021,10.71
la Font de la Guatlla,2021,12.75
Hostafrancs,2021,13.14
la Bordeta,2021,12.34
Sants - Badal,2021,13.17
Sants,2021,13.12
les Corts,2021,14.06
la Maternitat i Sant Ramon,2021,12.98
Pedralbes,2021,15.06
"Vallvidrera, el Tibidabo i les Planes",2021,15.33
Sarrià,2021,15.9
les Tres Torres,2021,15.74
Sant Gervasi - la Bonanova,2021,15.13
Sant Gervasi - Galvany,2021,14.53
el Putxet i el Farró,2021,14.27
Vallcarca i els Penitents,2021,13.73
el Coll,2021,12.71
la Salut,2021,12.58
la Vila de Gràcia,2021,14.13
el Camp d'en Grassot i Gràcia Nova,2021,13.73
el Baix Guinardó,2021,12.64
Can Baró,2021,12.53
el Guinardó,2021,12.6
la Font d'en Fargues,2021,12.14
el Carmel,2021,11.77
la Teixonera,2021,12.15
Sant Genís dels Agudells,2021,10.31
Montbau,2021,11.19
la Vall d'Hebron,2021,12.66
la Clota,2021,12.1
Horta,2021,11.95
Vilapicina i la Torre Llobeta,2021,11.56
Porta,2021,11.48
el Turó de la Peira,2021,11.27
Can Peguera,2021,12.132
la Guineueta,2021,9.71
Canyelles,2021,9.36
les Roquetes,2021,11.34
Verdun,2021,12.29
la Prosperitat,2021,11.84
la Trinitat Nova,2021,11.62
Torre Baró,2021,8.84
Ciutat Meridiana,2021,8.93
Vallbona,2021,5.96
la Trinitat Vella,2021,10.31
Baró de Viver,2021,8.01
el Bon Pastor,2021,10.83
Sant Andreu,2021,11.89
la Sagrera,2021,11.98
el Congrés i els Indians,2021,11.68
Navas,2021,11.88
el Camp de l'Arpa del Clot,2021,13
el Clot,2021,12.88
el Parc i la Llacuna del Poblenou,2021,14.27
la Vila Olímpica del Poblenou,2021,16.76
el Poblenou,2021,14.33
Diagonal Mar i el Front Marítim del Poblenou,2021,15.66
el Besòs i el Maresme,2021,11.34
Provençals del Poblenou,2021,13.47
Sant Martí de Provençals,2021,11.49
la Verneda i la Pau,2021,11.07
el Raval,2022,15.22
el Barri Gòtic,2022,15.65
la Barceloneta,2022,18.77
"Sant Pere, Santa Caterina i la Ribera",2022,16.05
el Fort Pienc,2022,14.38
la Sagrada Família,2022,15.31
la Dreta de l'Eixample,2022,15
l'Antiga Esquerra de l'Eixample,2022,15.2
la Nova Esquerra de l'Eixample,2022,14.95
Sant Antoni,2022,14.4
el Poble-sec,2022,15.23
la Marina del Prat Vermell,2022,7.19
la Marina de Port,2022,10.6
la Font de la Guatlla,2022,14.06
Hostafrancs,2022,14.24
la Bordeta,2022,13.42
Sants - Badal,2022,14.44
Sants,2022,14.18
les Corts,2022,15.44
la Maternitat i Sant Ramon,2022,14.78
Pedralbes,2022,15.25
"Vallvidrera, el Tibidabo i les Planes",2022,13.56
Sarrià,2022,18.19
les Tres Torres,2022,17.9
Sant Gervasi - la Bonanova,2022,15.83
Sant Gervasi - Galvany,2022,15.73
el Putxet i el Farró,2022,15.82
Vallcarca i els Penitents,2022,14.73
el Coll,2022,12.95
la Salut,2022,13.51
la Vila de Gràcia,2022,15.96
el Camp d'en Grassot i Gràcia Nova,2022,15.14
el Baix Guinardó,2022,14.04
Can Baró,2022,13.68
el Guinardó,2022,13.44
la Font d'en Fargues,2022,13.51
el Carmel,2022,12.68
la Teixonera,2022,13.19
Sant Genís dels Agudells,2022,10.76
Montbau,2022,11.89
la Vall d'Hebron,2022,13.69
la Clota,2022,13.780000000000001
Horta,2022,12.45
Vilapicina i la Torre Llobeta,2022,12.75
Porta,2022,12.28
el Turó de la Peira,2022,11.91
Can Peguera,2022,12.238
la Guineueta,2022,10.83
Canyelles,2022,9.72
les Roquetes,2022,12.25
Verdun,2022,11.99
la Prosperitat,2022,12.58
la Trinitat Nova,2022,12.84
Torre Baró,2022,10.39
Ciutat Meridiana,2022,9.7
Vallbona,2022,8.04
la Trinitat Vella,2022,10.97
Baró de Viver,2022,6.12
el Bon Pastor,2022,11.54
Sant Andreu,2022,12.65
la Sagrera,2022,12.89
el Congrés i els Indians,2022,12.46
Navas,2022,12.65
el Camp de l'Arpa del Clot,2022,14.14
el Clot,2022,13.63
el Parc i la Llacuna del Poblenou,2022,15.9
la Vila Olímpica del Poblenou,2022,19.11
el Poblenou,2022,16.51
Diagonal Mar i el Front Marítim del Poblenou,2022,17.24
el Besòs i el Maresme,2022,12.13
Provençals del Poblenou,2022,14.54
Sant Martí de Provençals,2022,12.13
la Verneda i la Pau,2022,11.42
el Raval,2023,15.89
el Barri Gòtic,2023,16.44
la Barceloneta,2023,18.98
"Sant Pere, Santa Caterina i la Ribera",2023,17.41
el Fort Pienc,2023,16.08
la Sagrada Família,2023,16.7
la Dreta de l'Eixample,2023,16.59
l'Antiga Esquerra de l'Eixample,2023,16.75
la Nova Esquerra de l'Eixample,2023,16.68
Sant Antoni,2023,15.87
el Poble-sec,2023,16
la Marina del Prat Vermell,2023,13.39
la Marina de Port,2023,12.58
la Font de la Guatlla,2023,15.82
Hostafrancs,2023,15.81
la Bordeta,2023,21.06
Sants - Badal,2023,15.68
Sants,2023,15.76
les Corts,2023,17.08
la Maternitat i Sant Ramon,2023,15.76
Pedralbes,2023,17.48
"Vallvidrera, el Tibidabo i les Planes",2023,14.12
Sarrià,2023,19.52
les Tres Torres,2023,19.42
Sant Gervasi - la Bonanova,2023,17.82
Sant Gervasi - Galvany,2023,18.42
el Putxet i el Farró,2023,17.29
Vallcarca i els Penitents,2023,16.78
el Coll,2023,14.42
la Salut,2023,15.34
la Vila de Gràcia,2023,17.48
el Camp d'en Grassot i Gràcia Nova,2023,16.69
el Baix Guinardó,2023,15.48
Can Baró,2023,14.97
el Guinardó,2023,14.95
la Font d'en Fargues,2023,15.5
el Carmel,2023,13.5
la Teixonera,2023,14.62
Sant Genís dels Agudells,2023,12.02
Montbau,2023,13.77
la Vall d'Hebron,2023,14.95
la Clota,2023,15.46
Horta,2023,13.92
Vilapicina i la Torre Llobeta,2023,13.69
Porta,2023,13.51
el Turó de la Peira,2023,12.56
Can Peguera,2023,12.344
la Guineueta,2023,12.19
Canyelles,2023,10.76
les Roquetes,2023,13.61
Verdun,2023,14.53
la Prosperitat,2023,13.95
la Trinitat Nova,2023,13.52
Torre Baró,2023,7.71
Ciutat Meridiana,2023,10.39
Vallbona,2023,8.826666666666666
la Trinitat Vella,2023,12.53
Baró de Viver,2023,9.23
el Bon Pastor,2023,10.9
Sant Andreu,2023,13.96
la Sagrera,2023,14.54
el Congrés i els Indians,2023,14.02
Navas,2023,14.45
el Camp de l'Arpa del Clot,2023,15.76
el Clot,2023,15.4
el Parc i la Llacuna del Poblenou,2023,17.25
la Vila Olímpica del Poblenou,2023,20.38
el Poblenou,2023,17.78
Diagonal Mar i el Front Marítim del Poblenou,2023,18.81
el Besòs i el Maresme,2023,12.49
Provençals del Poblenou,2023,16.35
Sant Martí de Provençals,2023,13.54
la Verneda i la Pau,2023,16.3
el Raval,2024,15.94
el Barri Gòtic,2024,16.22
la Barceloneta,2024,19.97
"Sant Pere, Santa Caterina i la Ribera",2024,17.08
el Fort Pienc,2024,15.9
la Sagrada Família,2024,16.81
la Dreta de l'Eixample,2024,16.76
l'Antiga Esquerra de l'Eixample,2024,16.99
la Nova Esquerra de l'Eixample,2024,16.73
Sant Antoni,2024,16.14
el Poble-sec,2024,16.41
la Marina del Prat Vermell,2024,8.68
la Marina de Port,2024,12.02
la Font de la Guatlla,2024,15.64
Hostafrancs,2024,15.64
la Bordeta,2024,18.72
Sants - Badal,2024,16.05
Sants,2024,15.96
les Corts,2024,17.43
la Maternitat i Sant Ramon,2024,16.43
Pedralbes,2024,19.29
"Vallvidrera, el Tibidabo i les Planes",2024,16.28
Sarrià,2024,19.26
les Tres Torres,2024,19.74
Sant Gervasi - la Bonanova,2024,18.08
Sant Gervasi - Galvany,2024,18.75
el Putxet i el Farró,2024,17.05
Vallcarca i els Penitents,2024,17.76
el Coll,2024,14.66
la Salut,2024,16.42
la Vila de Gràcia,2024,17.89
el Camp d'en Grassot i Gràcia Nova,2024,17.48
el Baix Guinardó,2024,15.72
Can Baró,2024,15.72
el Guinardó,2024,14.99
la Font d'en Fargues,2024,15.6
el Carmel,2024,13.56
la Teixonera,2024,14.57
Sant Genís dels Agudells,2024,11.09
Montbau,2024,13.64
la Vall d'Hebron,2024,15.04
la Clota,2024,11.51
Horta,2024,14.23
Vilapicina i la Torre Llobeta,2024,13.88
Porta,2024,13.44
el Turó de la Peira,2024,13.11
Can Peguera,2024,12.45
la Guineueta,2024,11.94
Canyelles,2024,10.32
les Roquetes,2024,13.5
Verdun,2024,13.09
la Prosperitat,2024,13.93
la Trinitat Nova,2024,14.23
Torre Baró,2024,5.72
Ciutat Meridiana,2024,10.73
Vallbona,2024,9.613333333333333
la Trinitat Vella,2024,11.12
Baró de Viver,2024,7.76
el Bon Pastor,2024,10.49
Sant Andreu,2024,13.92
la Sagrera,2024,14.43
el Congrés i els Indians,2024,14.61
Navas,2024,14.34
el Camp de l'Arpa del Clot,2024,15.65
el Clot,2024,15.57
el Parc i la Llacuna del Poblenou,2024,16.86
la Vila Olímpica del Poblenou,2024,21.87
el Poblenou,2024,18.11
Diagonal Mar i el Front Marítim del Poblenou,2024,19.63
el Besòs i el Maresme,2024,13.44
Provençals del Poblenou,2024,16.12
Sant Martí de Provençals,2024,14.1
la Verneda i la Pau,2024,14.52
el Raval,2025,16.61
el Barri Gòtic,2025,16.49
la Barceloneta,2025,22.7
"Sant Pere, Santa Caterina i la Ribera",2025,18.61
el Fort Pienc,2025,15.55
la Sagrada Família,2025,16.89
la Dreta de l'Eixample,2025,17.4
l'Antiga Esquerra de l'Eixample,2025,16.8
la Nova Esquerra de l'Eixample,2025,17.31
Sant Antoni,2025,16.26
el Poble-sec,2025,16.73
la Marina del Prat Vermell,2025,17.36
la Marina de Port,2025,13.13
la Font de la Guatlla,2025,15.94
Hostafrancs,2025,16.46
la Bordeta,2025,18.23
Sants - Badal,2025,15.93
Sants,2025,16.43
les Corts,2025,17.97
la Maternitat i Sant Ramon,2025,16.51
Pedralbes,2025,18.67
"Vallvidrera, el Tibidabo i les Planes",2025,14.53
Sarrià,2025,20.49
les Tres Torres,2025,19.74
Sant Gervasi - la Bonanova,2025,19.24
Sant Gervasi - Galvany,2025,18.84
el Putxet i el Farró,2025,18.34
Vallcarca i els Penitents,2025,17.39
el Coll,2025,15.24
la Salut,2025,16.48
la Vila de Gràcia,2025,18.5
el Camp d'en Grassot i Gràcia Nova,2025,17.13
el Baix Guinardó,2025,15.93
Can Baró,2025,16.03
el Guinardó,2025,15.44
la Font d'en Fargues,2025,14.6
el Carmel,2025,13.97
la Teixonera,2025,14.96
Sant Genís dels Agudells,2025,12.25
Montbau,2025,15.47
la Vall d'Hebron,2025,15.34
la Clota,2025,20.15
Horta,2025,14.31
Vilapicina i la Torre Llobeta,2025,14.59
Porta,2025,13.32
el Turó de la Peira,2025,13.03
Can Peguera,2025,8.44
la Guineueta,2025,12.47
Canyelles,2025,9.98
les Roquetes,2025,13.62
Verdun,2025,14.21
la Prosperitat,2025,14.42
la Trinitat Nova,2025,12.45
Torre Baró,2025,10.35
Ciutat Meridiana,2025,10.2
Vallbona,2025,10.4
la Trinitat Vella,2025,12.91
Baró de Viver,2025,8.45
el Bon Pastor,2025,11.36
Sant Andreu,2025,14.62
la Sagrera,2025,14.08
el Congrés i els Indians,2025,14.2
Navas,2025,14.69
el Camp de l'Arpa del Clot,2025,15.99
el Clot,2025,15.65
el Parc i la Llacuna del Poblenou,2025,18.21
la Vila Olímpica del Poblenou,2025,20.82
el Poblenou,2025,18.29
Diagonal Mar i el Front Marítim del Poblenou,2025,22.39
el Besòs i el Maresme,2025,13.16
Provençals del Poblenou,2025,16.85
Sant Martí de Provençals,2025,13.57
la Verneda i la Pau,2025,14.17
