Any,Codi_Districte,Nom_Districte,Codi_Barri,Nom_Barri,total_habitatges,n_fisica,n_juridica,n_public,n_comunitat,n_altres,n_no_consta,pct_fisica,pct_juridica,pct_public,pct_comunitat,pct_altres,pct_no_consta
2018,1,Ciutat Vella,1,el Raval,23112,15824,4874,1770,0,80,564,0.6846659743856005,0.21088611976462443,0.07658359293873312,0,0.003461405330564209,0.024402907580477674
2018,1,Ciutat Vella,2,el Barri Gòtic,10332,6871,2926,270,0,87,178,0.6650212930700735,0.28319783197831977,0.02613240418118467,0,0.008420441347270616,0.017228029423151374
2018,1,Ciutat Vella,3,la Barceloneta,9160,7182,1465,357,0,11,145,0.784061135371179,0.15993449781659388,0.03897379912663756,0,0.001200873362445415,0.015829694323144104
2018,1,Ciutat Vella,4,"Sant Pere, Santa Caterina i la Ribera",14439,10198,3049,894,0,65,233,0.706281598448646,0.21116420804764874,0.06191564512777893,0,0.004501696793406746,0.016136851582519565
2018,2,Eixample,5,el Fort Pienc,15135,11993,2686,35,0,48,373,0.792401717872481,0.17746944169144369,0.0023125206475057814,0,0.0031714568880079285,0.02464486290056161
2018,2,Eixample,6,la Sagrada Família,26509,22636,3303,51,0,22,497,0.8538986759213852,0.12459919272699838,0.001923874910407786,0,8.299068240974763e-4,0.01874834961711117
2018,2,Eixample,7,la Dreta de l'Eixample,25214,18329,6199,53,0,107,526,0.7269374157214246,0.245855477115888,0.0021020068216070437,0,0.004243674149282145,0.020861426191798208
2018,2,Eixample,8,l'Antiga Esquerra de l'Eixample,23441,18439,4359,11,0,118,514,0.7866131990956017,0.1859562305362399,4.692632566870014e-4,0,0.005033914935369651,0.021927392176101703
2018,2,Eixample,9,la Nova Esquerra de l'Eixample,29721,25390,3678,73,0,49,531,0.854278119847919,0.12375088321388916,0.0024561757679755053,0,0.001648665926449312,0.017866155243767032
2018,2,Eixample,10,Sant Antoni,19484,16351,2492,97,0,18,526,0.839201396017245,0.1278998152330117,0.004978443851365223,0,9.238349414904537e-4,0.026996509956887703
2018,3,Sants-Montjuïc,11,el Poble-sec,18520,15730,2113,320,0,38,319,0.8493520518358532,0.11409287257019439,0.017278617710583154,0,0.0020518358531317494,0.017224622030237582
2018,3,Sants-Montjuïc,12,la Marina del Prat Vermell,776,491,166,109,0,2,8,0.6327319587628866,0.21391752577319587,0.1404639175257732,0,0.002577319587628866,0.010309278350515464
2018,3,Sants-Montjuïc,13,la Marina de Port,13315,11679,608,854,0,23,151,0.8771310552009013,0.04566278633120541,0.06413819001126549,0,0.0017273751408186256,0.011340593315809238
2018,3,Sants-Montjuïc,14,la Font de la Guatlla,4909,4514,302,14,0,5,74,0.9195355469545732,0.06151965777144021,0.002851904664901202,0,0.001018537380321858,0.015074353228763496
2018,3,Sants-Montjuïc,15,Hostafrancs,8005,6801,1018,28,0,6,152,0.8495940037476577,0.12717051842598376,0.0034978138663335416,0,7.495315427857589e-4,0.018988132417239227
2018,3,Sants-Montjuïc,16,la Bordeta,8838,8093,555,17,0,30,143,0.9157049106132609,0.06279701289884589,0.001923512106811496,0,0.0033944331296673455,0.016180131251414348
2018,3,Sants-Montjuïc,17,Sants - Badal,11718,10612,850,25,0,20,211,0.9056152927120669,0.07253797576378221,0.002133469875405359,0,0.0017067759003242873,0.018006485748421234
2018,3,Sants-Montjuïc,18,Sants,20987,18286,2258,52,0,16,375,0.8713012817458426,0.1075904131128794,0.0024777243055224664,0,7.623767093915281e-4,0.01786820412636394
2018,4,Les Corts,19,les Corts,23062,20207,2267,128,0,21,439,0.8762032781198509,0.09830023415141792,0.005550255832104761,0,9.105888474546874e-4,0.019035643049171797
2018,4,Les Corts,20,la Maternitat i Sant Ramon,11652,10289,1013,138,0,5,207,0.8830243734981119,0.08693786474424992,0.01184346035015448,0,4.291108822519739e-4,0.01776519052523172
2018,4,Les Corts,21,Pedralbes,6102,4690,1217,84,0,16,95,0.7686004588659456,0.1994428056374959,0.01376597836774828,0,0.002622091117666339,0.015568666011143888
2018,5,Sarrià-Sant Gervasi,22,"Vallvidrera, el Tibidabo i les Planes",3034,2714,264,10,0,4,42,0.8945286750164799,0.08701384311140409,0.0032959789057350032,0,0.0013183915622940012,0.013843111404087014
2018,5,Sarrià-Sant Gervasi,23,Sarrià,12609,10498,1761,48,0,40,262,0.8325799032437148,0.13966214608612895,0.0038068046633357128,0,0.003172337219446427,0.0207788087873741
2018,5,Sarrià-Sant Gervasi,24,les Tres Torres,7024,5594,1299,22,0,6,103,0.7964123006833713,0.1849373576309795,0.003132118451025057,0,8.542141230068337e-4,0.014664009111617311
2018,5,Sarrià-Sant Gervasi,25,Sant Gervasi - la Bonanova,12618,9792,2508,38,0,61,219,0.776034236804565,0.19876367094626723,0.00301157077191314,0,0.004834363607544777,0.017356157869709937
2018,5,Sarrià-Sant Gervasi,26,Sant Gervasi - Galvany,24984,19799,4766,8,0,32,379,0.7924671789945565,0.19076208773615114,3.202049311559398e-4,0,0.001280819724623759,0.015169708613512647
2018,5,Sarrià-Sant Gervasi,27,el Putxet i el Farró,16281,13273,2587,21,0,57,343,0.8152447638351452,0.1588968736564093,0.0012898470609913396,0,0.0035010134512622076,0.02106750199619188
2018,6,Gràcia,28,Vallcarca i els Penitents,8973,7595,1055,179,0,8,136,0.8464281734091162,0.11757494706341245,0.019948735094171402,0,8.915635796277722e-4,0.015156580853672127
2018,6,Gràcia,29,el Coll,3930,3500,311,49,0,6,64,0.8905852417302799,0.07913486005089058,0.012468193384223919,0,0.0015267175572519084,0.01628498727735369
2018,6,Gràcia,30,la Salut,6858,5981,748,9,0,7,113,0.8721201516477107,0.10906969962088073,0.0013123359580052493,0,0.001020705745115194,0.01647710702828813
2018,6,Gràcia,31,la Vila de Gràcia,30747,25257,4265,66,0,117,1042,0.8214459947311933,0.13871271994015677,0.002146550883012977,0,0.0038052492926139137,0.033889485153023056
2018,6,Gràcia,32,el Camp d'en Grassot i Gràcia Nova,18317,15846,2066,18,0,9,378,0.8650979963967899,0.11279139597095594,9.826936725446306e-4,0,4.913468362723153e-4,0.020636567123437245
2018,7,Horta-Guinardó,33,el Baix Guinardó,12474,11000,1043,245,0,8,178,0.8818342151675485,0.08361391694725027,0.01964085297418631,0,6.41333974667308e-4,0.014269680936347603
2018,7,Horta-Guinardó,34,Can Baró,4821,4371,285,42,0,9,114,0.9066583696328563,0.05911636589919104,0.008711885500933417,0,0.001866832607342875,0.023646546359676415
2018,7,Horta-Guinardó,35,el Guinardó,18761,16503,1792,18,0,34,414,0.879643942220564,0.0955172965193753,9.594371302169394e-4,0,0.0018122701348542189,0.022067053994989608
2018,7,Horta-Guinardó,36,la Font d'en Fargues,5324,5011,231,20,0,1,61,0.9412096168294516,0.04338842975206612,0.003756574004507889,0,1.8782870022539445e-4,0.01145755071374906
2018,7,Horta-Guinardó,37,el Carmel,15481,14004,861,186,0,27,403,0.9045927265680511,0.05561656223758155,0.012014727730766747,0,0.0017440733802725921,0.02603191008332795
2018,7,Horta-Guinardó,38,la Teixonera,5966,5434,358,82,0,5,87,0.910828025477707,0.060006704659738515,0.013744552463962454,0,8.380824673147837e-4,0.014582634931277238
2018,7,Horta-Guinardó,39,Sant Genís dels Agudells,3509,2820,623,18,0,7,41,0.8036477628954118,0.1775434596751211,0.005129666571672842,0,0.001994870333428327,0.011684240524365916
2018,7,Horta-Guinardó,40,Montbau,2562,2476,58,10,0,2,16,0.9664324746291959,0.02263856362217018,0.0039032006245121,0,7.8064012490242e-4,0.00624512099921936
2018,7,Horta-Guinardó,41,la Vall d'Hebron,2654,2428,93,93,0,8,32,0.9148455162019593,0.035041446872645064,0.035041446872645064,0,0.003014318010550113,0.012057272042200452
2018,7,Horta-Guinardó,42,la Clota,417,316,66,22,0,4,9,0.7577937649880095,0.15827338129496402,0.05275779376498801,0,0.009592326139088728,0.02158273381294964
2018,7,Horta-Guinardó,43,Horta,13472,12361,910,14,0,6,181,0.9175326603325415,0.06754750593824228,0.0010391923990498812,0,4.453681710213777e-4,0.013435273159144893
2018,8,Nou Barris,44,Vilapicina i la Torre Llobeta,12241,11350,656,8,0,11,216,0.9272118290989299,0.05359039294175313,6.535413773384527e-4,0,8.986193938403726e-4,0.017645617188138223
2018,8,Nou Barris,45,Porta,11476,10057,888,338,0,6,187,0.8763506448239805,0.07737887765772046,0.029452771000348554,0,5.228302544440571e-4,0.01629487626350645
2018,8,Nou Barris,46,el Turó de la Peira,6956,5459,1232,186,0,9,70,0.7847901092581944,0.1771132834962622,0.026739505462909718,0,0.0012938470385278895,0.010063254744105807
2018,8,Nou Barris,47,Can Peguera,1047,213,98,735,0,1,0,0.2034383954154728,0.0936007640878701,0.7020057306590258,0,9.551098376313276e-4,0
2018,8,Nou Barris,48,la Guineueta,6801,5947,735,42,0,2,75,0.8744302308484047,0.10807234230260256,0.0061755624172915745,0,2.9407440082340834e-4,0.011027790030877812
2018,8,Nou Barris,49,Canyelles,2919,2772,22,46,0,5,74,0.9496402877697842,0.0075368276807125725,0.0157588215142172,0,0.0017129153819801302,0.025351147653305928
2018,8,Nou Barris,50,les Roquetes,7084,6372,478,70,0,16,148,0.8994918125352908,0.06747600225861096,0.009881422924901186,0,0.002258610954263128,0.020892151326933936
2018,8,Nou Barris,51,Verdun,5913,5367,249,206,0,8,83,0.9076610857432775,0.04211060375443937,0.034838491459496024,0,0.0013529511246406223,0.014036867918146456
2018,8,Nou Barris,52,la Prosperitat,12171,11258,459,217,0,28,209,0.9249856215594445,0.03771259551392655,0.017829266288719087,0,0.0023005504888669787,0.017171966149042806
2018,8,Nou Barris,53,la Trinitat Nova,3584,2865,157,530,0,12,20,0.7993861607142857,0.04380580357142857,0.14787946428571427,0,0.0033482142857142855,0.005580357142857143
2018,8,Nou Barris,54,Torre Baró,1701,1122,249,270,0,4,56,0.6596119929453262,0.14638447971781304,0.15873015873015872,0,0.0023515579071134627,0.03292181069958848
2018,8,Nou Barris,55,Ciutat Meridiana,3957,3337,468,39,0,43,70,0.8433156431640132,0.11827141774071266,0.009855951478392721,0,0.010866818296689411,0.017690169320192066
2018,8,Nou Barris,56,Vallbona,845,584,35,214,0,0,12,0.6911242603550296,0.04142011834319527,0.2532544378698225,0,0,0.014201183431952662
2018,9,Sant Andreu,57,la Trinitat Vella,4194,3574,433,91,0,26,70,0.8521697663328565,0.10324272770624703,0.021697663328564615,0,0.00619933237958989,0.016690510252742013
2018,9,Sant Andreu,58,Baró de Viver,1112,843,21,238,0,1,9,0.7580935251798561,0.018884892086330936,0.21402877697841727,0,8.992805755395684e-4,0.008093525179856115
2018,9,Sant Andreu,59,el Bon Pastor,5333,4334,309,637,0,7,46,0.8126757922370148,0.05794112132008251,0.1194449653103319,0,0.0013125820363772737,0.008625539096193511
2018,9,Sant Andreu,60,Sant Andreu,29096,26120,1650,975,0,34,317,0.8977178993676107,0.056708825955457794,0.03350976079186142,0,0.001168545504536706,0.010894968380533407
2018,9,Sant Andreu,61,la Sagrera,13488,10900,2347,58,0,8,175,0.8081257413997628,0.17400652431791222,0.00430011862396204,0,5.931198102016608e-4,0.012974495848161328
2018,9,Sant Andreu,62,el Congrés i els Indians,7031,6366,557,0,0,11,97,0.9054188593372209,0.07922059451002703,0,0,0.0015645000711136396,0.013796046081638457
2018,9,Sant Andreu,63,Navas,10275,9231,707,159,0,6,172,0.8983941605839416,0.06880778588807786,0.015474452554744526,0,5.839416058394161e-4,0.016739659367396593
2018,10,Sant Martí,64,el Camp de l'Arpa del Clot,19870,17281,2041,56,0,33,459,0.8697030699547056,0.1027176648213387,0.002818319073980876,0,0.0016607951685958732,0.023100150981378964
2018,10,Sant Martí,65,el Clot,12414,10779,1292,91,0,21,231,0.8682938617689705,0.10407604317705817,0.007330433381665861,0,0.0016916384726921219,0.01860802319961334
2018,10,Sant Martí,66,el Parc i la Llacuna del Poblenou,7083,6155,682,130,0,24,92,0.8689820697444586,0.096286884088663,0.01835380488493576,0,0.0033883947479881405,0.012988846533954539
2018,10,Sant Martí,67,la Vila Olímpica del Poblenou,4653,4096,456,71,0,1,29,0.8802922845476037,0.09800128949065119,0.015258972705781216,0,2.149151085321298e-4,0.006232538147431765
2018,10,Sant Martí,68,el Poblenou,16436,14154,1726,235,0,61,260,0.8611584327086882,0.10501338525188611,0.014297882696519834,0,0.0037113652956923824,0.015818934047213434
2018,10,Sant Martí,69,Diagonal Mar i el Front Marítim del Poblenou,6298,5273,793,183,0,3,46,0.8372499206097174,0.12591298825023817,0.029056843442362656,0,4.76341695776437e-4,0.007303906001905367
2018,10,Sant Martí,70,el Besòs i el Maresme,9645,8607,630,245,0,45,118,0.8923794712286158,0.06531881804043546,0.025401762571280455,0,0.004665629860031105,0.012234318299637118
2018,10,Sant Martí,71,Provençals del Poblenou,9194,8109,685,281,0,3,116,0.8819882532086143,0.07450511202958451,0.030563410920165325,0,3.262997607135088e-4,0.01261692408092234
2018,10,Sant Martí,72,Sant Martí de Provençals,11692,11040,483,14,0,5,150,0.9442353746151214,0.04131029763941156,0.0011973999315771468,0,4.2764283270612383e-4,0.012829284981183716
2018,10,Sant Martí,73,la Verneda i la Pau,13063,12299,272,278,0,11,203,0.9415142004133813,0.020822169486335453,0.02128148204853403,0,8.420730306973895e-4,0.015540075021051826
2019,1,Ciutat Vella,1,el Raval,23112,15801,4918,1770,0,81,542,0.6836708203530634,0.21278989269643475,0.07658359293873312,0,0.0035046728971962616,0.023451021114572517
2019,1,Ciutat Vella,2,el Barri Gòtic,10332,6842,2958,270,0,85,177,0.66221447928765,0.2862950058072009,0.02613240418118467,0,0.008226867982965545,0.01713124274099884
2019,1,Ciutat Vella,3,la Barceloneta,9160,7184,1473,357,0,11,135,0.7842794759825328,0.16080786026200874,0.03897379912663756,0,0.001200873362445415,0.014737991266375546
2019,1,Ciutat Vella,4,"Sant Pere, Santa Caterina i la Ribera",14452,10213,3060,895,0,65,219,0.7066841959590369,0.21173539994464435,0.0619291447550512,0,0.00449764738444506,0.015153611956822586
2019,2,Eixample,5,el Fort Pienc,15136,11996,2685,36,0,47,372,0.7925475687103594,0.17739164904862578,0.0023784355179704017,0,0.0031051797040169134,0.024577167019027485
2019,2,Eixample,6,la Sagrada Família,26509,22641,3302,53,0,25,488,0.8540872911086801,0.1245614696895394,0.0019993209853257383,0,9.430759364744049e-4,0.018408842279980384
2019,2,Eixample,7,la Dreta de l'Eixample,25215,18322,6207,64,0,106,516,0.7266309736268094,0.246162998215348,0.0025381717231806465,0,0.0042038469165179455,0.020464009518143964
2019,2,Eixample,8,l'Antiga Esquerra de l'Eixample,23450,18426,4388,11,0,119,506,0.7857569296375266,0.18712153518123667,4.690831556503198e-4,0,0.005074626865671642,0.021577825159914712
2019,2,Eixample,9,la Nova Esquerra de l'Eixample,29721,25402,3672,73,0,49,525,0.8546818747686821,0.12354900575350762,0.0024561757679755053,0,0.001648665926449312,0.017664277783385484
2019,2,Eixample,10,Sant Antoni,19484,16339,2509,97,0,19,520,0.8385855060562513,0.128772326011086,0.004978443851365223,0,9.7515910490659e-4,0.026688564976390886
2019,3,Sants-Montjuïc,11,el Poble-sec,18520,15725,2124,319,0,39,313,0.8490820734341252,0.11468682505399568,0.017224622030237582,0,0.0021058315334773216,0.016900647948164146
2019,3,Sants-Montjuïc,12,la Marina del Prat Vermell,776,491,166,109,0,2,8,0.6327319587628866,0.21391752577319587,0.1404639175257732,0,0.002577319587628866,0.010309278350515464
2019,3,Sants-Montjuïc,13,la Marina de Port,13334,11689,618,854,0,24,149,0.876631168441578,0.046347682615869204,0.06404679766011699,0,0.001799910004499775,0.011174441277936103
2019,3,Sants-Montjuïc,14,la Font de la Guatlla,4909,4518,300,14,0,5,72,0.9203503768588307,0.06111224281931147,0.002851904664901202,0,0.001018537380321858,0.014666938276634752
2019,3,Sants-Montjuïc,15,Hostafrancs,8005,6801,1020,28,0,6,150,0.8495940037476577,0.127420362273579,0.0034978138663335416,0,7.495315427857589e-4,0.018738288569643973
2019,3,Sants-Montjuïc,16,la Bordeta,8838,8099,552,17,0,30,140,0.9163837972391944,0.062457569585879155,0.001923512106811496,0,0.0033944331296673455,0.015840687938447614
2019,3,Sants-Montjuïc,17,Sants - Badal,11722,10577,894,25,0,19,207,0.9023204231359836,0.07626684866063811,0.0021327418529261217,0,0.0016208838082238527,0.01765910254222829
2019,3,Sants-Montjuïc,18,Sants,20989,18266,2283,56,0,17,367,0.8702653771022917,0.10877126113678594,0.0026680642241173947,0,8.099480680356377e-4,0.017485349468769354
2019,4,Les Corts,19,les Corts,23062,20216,2265,128,0,21,432,0.8765935304830457,0.09821351140404128,0.005550255832104761,0,9.105888474546874e-4,0.01873211343335357
2019,4,Les Corts,20,la Maternitat i Sant Ramon,11654,10293,1013,138,0,5,205,0.8832160631542818,0.08692294491161832,0.011841427835936159,0,4.290372404324695e-4,0.017590526857731253
2019,4,Les Corts,21,Pedralbes,6102,4692,1216,84,0,16,94,0.7689282202556539,0.19927892494264177,0.01376597836774828,0,0.002622091117666339,0.015404785316289742
2019,5,Sarrià-Sant Gervasi,22,"Vallvidrera, el Tibidabo i les Planes",3034,2722,256,10,0,4,42,0.8971654581410679,0.08437705998681608,0.0032959789057350032,0,0.0013183915622940012,0.013843111404087014
2019,5,Sarrià-Sant Gervasi,23,Sarrià,12609,10510,1760,48,0,40,251,0.8335316044095488,0.1395828376556428,0.0038068046633357128,0,0.003172337219446427,0.01990641605202633
2019,5,Sarrià-Sant Gervasi,24,les Tres Torres,7027,5601,1298,22,0,6,100,0.7970684502632702,0.1847160950619041,0.0031307812722356624,0,8.538494378824534e-4,0.014230823964707557
2019,5,Sarrià-Sant Gervasi,25,Sant Gervasi - la Bonanova,12622,9780,2527,38,0,61,216,0.774837585168753,0.2002059895420694,0.003010616384091269,0,0.004832831563935985,0.017112977341150373
2019,5,Sarrià-Sant Gervasi,26,Sant Gervasi - Galvany,24990,19790,4798,8,0,32,362,0.7919167667066827,0.1919967987194878,3.201280512204882e-4,0,0.0012805122048819527,0.014485794317727091
2019,5,Sarrià-Sant Gervasi,27,el Putxet i el Farró,16281,13274,2589,21,0,57,340,0.8153061851237638,0.15901971623364658,0.0012898470609913396,0,0.0035010134512622076,0.020883238130335973
2019,6,Gràcia,28,Vallcarca i els Penitents,8973,7594,1059,175,0,9,136,0.8463167279616628,0.11802072885322634,0.01950295330435752,0,0.0010030090270812437,0.015156580853672127
2019,6,Gràcia,29,el Coll,3930,3499,311,49,0,7,64,0.8903307888040712,0.07913486005089058,0.012468193384223919,0,0.0017811704834605599,0.01628498727735369
2019,6,Gràcia,30,la Salut,6869,5993,746,9,0,8,113,0.8724705197263066,0.10860387247051972,0.0013102343863735624,0,0.001164652787887611,0.016450720628912504
2019,6,Gràcia,31,la Vila de Gràcia,30748,25199,4344,65,0,119,1021,0.8195329777546507,0.14127748146220892,0.0021139586314557045,0,0.003870170417588136,0.033205411734096524
2019,6,Gràcia,32,el Camp d'en Grassot i Gràcia Nova,18317,15826,2094,18,0,10,369,0.8640061145384069,0.11432003057269204,9.826936725446306e-4,0,5.459409291914615e-4,0.02014522028716493
2019,7,Horta-Guinardó,33,el Baix Guinardó,12475,10975,1071,245,0,7,177,0.8797595190380761,0.08585170340681363,0.01963927855711423,0,5.611222444889779e-4,0.014188376753507015
2019,7,Horta-Guinardó,34,Can Baró,4826,4372,288,40,0,9,117,0.9059262329050974,0.059676750932449237,0.008288437629506838,0,0.0018648984666390386,0.0242436800663075
2019,7,Horta-Guinardó,35,el Guinardó,18761,16527,1768,21,0,31,414,0.8809231917275199,0.09423804701241938,0.0011193433185864292,0,0.001652363946484729,0.022067053994989608
2019,7,Horta-Guinardó,36,la Font d'en Fargues,5329,5015,232,20,0,1,61,0.941077125164196,0.043535372490148244,0.0037530493525989865,0,1.8765246762994934e-4,0.011446800525426909
2019,7,Horta-Guinardó,37,el Carmel,15481,14007,860,187,0,27,400,0.9047865124991925,0.05555196692720109,0.012079323041147214,0,0.0017440733802725921,0.025838124152186552
2019,7,Horta-Guinardó,38,la Teixonera,5966,5416,376,82,0,5,87,0.9078109285953738,0.06302380154207174,0.013744552463962454,0,8.380824673147837e-4,0.014582634931277238
2019,7,Horta-Guinardó,39,Sant Genís dels Agudells,3509,2821,623,19,0,6,40,0.8039327443716159,0.1775434596751211,0.005414648047876888,0,0.0017098888572242804,0.011399259048161869
2019,7,Horta-Guinardó,40,Montbau,2562,2475,58,10,0,2,17,0.9660421545667447,0.02263856362217018,0.0039032006245121,0,7.8064012490242e-4,0.00663544106167057
2019,7,Horta-Guinardó,41,la Vall d'Hebron,2654,2429,93,92,0,8,32,0.915222305953278,0.035041446872645064,0.0346646571213263,0,0.003014318010550113,0.012057272042200452
2019,7,Horta-Guinardó,42,la Clota,419,319,66,21,0,4,9,0.7613365155131265,0.1575178997613365,0.050119331742243436,0,0.00954653937947494,0.021479713603818614
2019,7,Horta-Guinardó,43,Horta,13472,12361,907,25,0,6,173,0.9175326603325415,0.06732482185273159,0.0018557007125890735,0,4.453681710213777e-4,0.012841448931116389
2019,8,Nou Barris,44,Vilapicina i la Torre Llobeta,12241,11350,656,8,0,12,215,0.9272118290989299,0.05359039294175313,6.535413773384527e-4,0,9.80312066007679e-4,0.017563924515970917
2019,8,Nou Barris,45,Porta,11488,10067,892,339,0,5,185,0.8763057103064067,0.07764623955431754,0.029509052924791085,0,4.352367688022284e-4,0.01610376044568245
2019,8,Nou Barris,46,el Turó de la Peira,6956,5458,1234,186,0,10,68,0.7846463484761357,0.17740080506037953,0.026739505462909718,0,0.001437607820586544,0.0097757331799885
2019,8,Nou Barris,47,Can Peguera,1047,213,98,735,0,1,0,0.2034383954154728,0.0936007640878701,0.7020057306590258,0,9.551098376313276e-4,0
2019,8,Nou Barris,48,la Guineueta,6801,5950,735,40,0,2,74,0.8748713424496397,0.10807234230260256,0.005881488016468166,0,2.9407440082340834e-4,0.010880752830466108
2019,8,Nou Barris,49,Canyelles,2919,2772,22,46,0,5,74,0.9496402877697842,0.0075368276807125725,0.0157588215142172,0,0.0017129153819801302,0.025351147653305928
2019,8,Nou Barris,50,les Roquetes,7084,6371,478,71,0,17,147,0.8993506493506493,0.06747600225861096,0.010022586109542632,0,0.0023997741389045735,0.020750988142292492
2019,8,Nou Barris,51,Verdun,5913,5369,249,206,0,8,81,0.9079993235244377,0.04211060375443937,0.034838491459496024,0,0.0013529511246406223,0.0136986301369863
2019,8,Nou Barris,52,la Prosperitat,12171,11251,466,218,0,29,207,0.9244104839372278,0.03828773313614329,0.01791142880617862,0,0.002382713006326514,0.017007641114123735
2019,8,Nou Barris,53,la Trinitat Nova,3649,2880,162,577,0,11,19,0.7892573307755549,0.04439572485612497,0.15812551383940807,0,0.0030145245272677444,0.005206906001644286
2019,8,Nou Barris,54,Torre Baró,1701,1121,250,270,0,4,56,0.6590241034685479,0.14697236919459142,0.15873015873015872,0,0.0023515579071134627,0.03292181069958848
2019,8,Nou Barris,55,Ciutat Meridiana,3957,3331,475,40,0,42,69,0.8417993429365681,0.12004043467273187,0.010108668182966895,0,0.01061410159211524,0.017437452615617893
2019,8,Nou Barris,56,Vallbona,845,584,35,214,0,0,12,0.6911242603550296,0.04142011834319527,0.2532544378698225,0,0,0.014201183431952662
2019,9,Sant Andreu,57,la Trinitat Vella,4194,3567,435,94,0,28,70,0.8505007153075823,0.10371959942775394,0.02241297091082499,0,0.006676204101096805,0.016690510252742013
2019,9,Sant Andreu,58,Baró de Viver,1112,843,21,238,0,1,9,0.7580935251798561,0.018884892086330936,0.21402877697841727,0,8.992805755395684e-4,0.008093525179856115
2019,9,Sant Andreu,59,el Bon Pastor,5333,4334,309,639,0,7,44,0.8126757922370148,0.05794112132008251,0.11981998874929684,0,0.0013125820363772737,0.008250515657228577
2019,9,Sant Andreu,60,Sant Andreu,29120,26152,1648,975,0,34,311,0.8980769230769231,0.056593406593406594,0.033482142857142856,0,0.0011675824175824176,0.010679945054945055
2019,9,Sant Andreu,61,la Sagrera,13488,10900,2351,58,0,8,171,0.8081257413997628,0.17430308422301305,0.00430011862396204,0,5.931198102016608e-4,0.012677935943060499
2019,9,Sant Andreu,62,el Congrés i els Indians,7031,6363,561,0,0,11,96,0.9049921774996444,0.07978950362679561,0,0,0.0015645000711136396,0.013653818802446309
2019,9,Sant Andreu,63,Navas,10275,9230,707,159,0,7,172,0.8982968369829684,0.06880778588807786,0.015474452554744526,0,6.812652068126521e-4,0.016739659367396593
2019,10,Sant Martí,64,el Camp de l'Arpa del Clot,19870,17267,2058,56,0,33,456,0.8689984901862103,0.10357322596879719,0.002818319073980876,0,0.0016607951685958732,0.022949169602415703
2019,10,Sant Martí,65,el Clot,12414,10773,1303,91,0,21,226,0.8678105364910584,0.10496213951989689,0.007330433381665861,0,0.0016916384726921219,0.018205252134686645
2019,10,Sant Martí,66,el Parc i la Llacuna del Poblenou,7083,6157,682,128,0,24,92,0.8692644359734576,0.096286884088663,0.01807143865593675,0,0.0033883947479881405,0.012988846533954539
2019,10,Sant Martí,67,la Vila Olímpica del Poblenou,4653,4096,456,71,0,1,29,0.8802922845476037,0.09800128949065119,0.015258972705781216,0,2.149151085321298e-4,0.006232538147431765
2019,10,Sant Martí,68,el Poblenou,16436,14152,1729,234,0,61,260,0.8610367486006327,0.10519591141396933,0.01423704064249209,0,0.0037113652956923824,0.015818934047213434
2019,10,Sant Martí,69,Diagonal Mar i el Front Marítim del Poblenou,6298,5296,771,183,0,3,45,0.84090187361067,0.1224198158145443,0.029056843442362656,0,4.76341695776437e-4,0.007145125436646554
2019,10,Sant Martí,70,el Besòs i el Maresme,9645,8612,626,245,0,46,116,0.8928978745463971,0.06490409538621048,0.025401762571280455,0,0.004769310523587351,0.012026956972524623
2019,10,Sant Martí,71,Provençals del Poblenou,9194,8107,687,283,0,4,113,0.8817707200348053,0.07472264520339351,0.03078094409397433,0,4.3506634761801175e-4,0.012290624320208832
2019,10,Sant Martí,72,Sant Martí de Provençals,11692,11036,488,14,0,6,148,0.9438932603489566,0.041737940472117686,0.0011973999315771468,0,5.131713992473486e-4,0.012658227848101266
2019,10,Sant Martí,73,la Verneda i la Pau,13063,12315,270,265,0,10,203,0.9427390339125775,0.020669065298935925,0.020286304830437113,0,7.655209369976268e-4,0.015540075021051826
2020,1,Ciutat Vella,1,el Raval,23202,15838,5046,1771,0,77,470,0.6826135677958797,0.21748125161624,0.0763296267563141,0,0.00331867942418757,0.020256874407378674
2020,1,Ciutat Vella,2,el Barri Gòtic,10353,6834,3012,268,0,84,155,0.6600985221674877,0.2909301651695161,0.025886216555587753,0,0.008113590263691683,0.014971505843716797
2020,1,Ciutat Vella,3,la Barceloneta,9145,7174,1501,347,0,11,112,0.7844723892837616,0.16413340623291417,0.03794423182066703,0,0.001202843083652269,0.012247129579004921
2020,1,Ciutat Vella,4,"Sant Pere, Santa Caterina i la Ribera",14481,10249,3089,893,0,73,177,0.7077549892963193,0.21331399765209585,0.06166701194668876,0,0.005041088322629653,0.012222912782266417
2020,2,Eixample,5,el Fort Pienc,15168,12205,2677,36,0,51,199,0.8046545358649789,0.1764899789029536,0.0023734177215189874,0,0.003362341772151899,0.013119725738396624
2020,2,Eixample,6,la Sagrada Família,26513,22786,3345,45,0,26,311,0.8594274506845698,0.1261645230641572,0.0016972805793384377,0,9.806510013955418e-4,0.01173009467053898
2020,2,Eixample,7,la Dreta de l'Eixample,25390,18447,6412,65,0,105,361,0.7265458842063804,0.2525403702244978,0.0025600630169358013,0,0.0041354864119732175,0.014218196140212682
2020,2,Eixample,8,l'Antiga Esquerra de l'Eixample,23532,18557,4472,11,0,118,374,0.7885857555668876,0.19003909569947305,4.674485806561278e-4,0,0.005014448410674826,0.015893251742308347
2020,2,Eixample,9,la Nova Esquerra de l'Eixample,29766,25475,3809,65,0,48,369,0.8558422361083114,0.12796479204461467,0.002183699522945643,0,0.001612578109252167,0.012396694214876033
2020,2,Eixample,10,Sant Antoni,19488,16382,2608,94,0,20,384,0.84061986863711,0.13382594417077176,0.004823481116584565,0,0.001026272577996716,0.019704433497536946
2020,3,Sants-Montjuïc,11,el Poble-sec,18569,15830,2142,322,0,36,239,0.8524960956432764,0.11535354623296892,0.017340729172276373,0,0.0019387150627389737,0.012870913888739297
2020,3,Sants-Montjuïc,12,la Marina del Prat Vermell,776,492,167,109,0,0,8,0.634020618556701,0.21520618556701032,0.1404639175257732,0,0,0.010309278350515464
2020,3,Sants-Montjuïc,13,la Marina de Port,13335,11728,617,861,0,24,105,0.8794900637420322,0.046269216347956506,0.06456692913385827,0,0.0017997750281214847,0.007874015748031496
2020,3,Sants-Montjuïc,14,la Font de la Guatlla,4917,4542,304,14,0,4,53,0.9237339841366687,0.06182631685987391,0.002847264592231035,0,8.135041692088672e-4,0.01077893024201749
2020,3,Sants-Montjuïc,15,Hostafrancs,8038,6834,1071,27,0,4,102,0.8502114953968649,0.13324210002488182,0.0033590445384423986,0,4.976362279173924e-4,0.012689723811893506
2020,3,Sants-Montjuïc,16,la Bordeta,8839,8188,517,17,0,28,89,0.9263491345174794,0.058490779499943434,0.0019232944903269601,0,0.0031677791605385225,0.010069012331711731
2020,3,Sants-Montjuïc,17,Sants - Badal,11746,10636,896,38,0,26,150,0.9054997445939043,0.07628128724672228,0.0032351438787672398,0,0.0022135194959986377,0.012770304784607526
2020,3,Sants-Montjuïc,18,Sants,21045,18414,2293,61,0,16,261,0.8749821810406272,0.10895699691138037,0.002898550724637681,0,7.602755999049656e-4,0.01240199572344975
2020,4,Les Corts,19,les Corts,23114,20437,2257,163,0,20,237,0.8841827463874707,0.09764644804014883,0.007052003114995241,0,8.652764558276369e-4,0.010253526001557498
2020,4,Les Corts,20,la Maternitat i Sant Ramon,11738,10404,1076,138,0,6,114,0.8863520190833192,0.09166808655648322,0.011756687681035952,0,5.111603339580849e-4,0.009712046345203612
2020,4,Les Corts,21,Pedralbes,6099,4731,1212,84,0,15,57,0.7757009345794392,0.1987211018199705,0.013772749631087064,0,0.002459419576979833,0.009345794392523364
2020,5,Sarrià-Sant Gervasi,22,"Vallvidrera, el Tibidabo i les Planes",3044,2745,254,10,0,4,31,0.9017739816031537,0.08344283837056504,0.0032851511169513796,0,0.001314060446780552,0.010183968462549276
2020,5,Sarrià-Sant Gervasi,23,Sarrià,12655,10645,1755,48,0,40,167,0.8411694982220467,0.13868036349269064,0.0037929672066376926,0,0.0031608060055314103,0.013196365073093639
2020,5,Sarrià-Sant Gervasi,24,les Tres Torres,7034,5647,1306,22,0,5,54,0.8028148990617003,0.18566960477679842,0.0031276656241114587,0,7.108330963889679e-4,0.007676997441000853
2020,5,Sarrià-Sant Gervasi,25,Sant Gervasi - la Bonanova,12658,9883,2537,38,0,57,143,0.7807710538789698,0.20042660767893822,0.0030020540369726655,0,0.004503081055458998,0.011297203349660294
2020,5,Sarrià-Sant Gervasi,26,Sant Gervasi - Galvany,25097,19914,4907,7,0,33,236,0.7934812925847711,0.19552137705701877,2.7891779894011236e-4,0,0.0013148981950033868,0.009403514364266645
2020,5,Sarrià-Sant Gervasi,27,el Putxet i el Farró,16314,13404,2611,21,0,57,221,0.8216255976461935,0.16004658575456662,0.0012872379551305626,0,0.003493931592497242,0.013546647051612112
2020,6,Gràcia,28,Vallcarca i els Penitents,9040,7625,1129,179,0,7,100,0.8434734513274337,0.12488938053097345,0.01980088495575221,0,7.743362831858407e-4,0.011061946902654867
2020,6,Gràcia,29,el Coll,3959,3522,336,49,0,8,44,0.8896185905531699,0.08486991664561758,0.012376862844152564,0,0.002020712301086133,0.011113917655973731
2020,6,Gràcia,30,la Salut,6890,6031,772,9,0,5,73,0.8753265602322207,0.11204644412191582,0.0013062409288824384,0,7.25689404934688e-4,0.010595065312046445
2020,6,Gràcia,31,la Vila de Gràcia,30894,25405,4511,65,0,118,795,0.8223279601217065,0.14601540752249628,0.002103968408105134,0,0.0038195118793293197,0.02573315206836279
2020,6,Gràcia,32,el Camp d'en Grassot i Gràcia Nova,18403,16065,2107,18,0,10,203,0.8729554963864588,0.11449220235831115,9.781013965114384e-4,0,5.433896647285769e-4,0.01103081019399011
2020,7,Horta-Guinardó,33,el Baix Guinardó,12508,11040,1094,246,0,8,120,0.8826351135273425,0.08746402302526383,0.019667412855772306,0,6.395906619763352e-4,0.009593859929645027
2020,7,Horta-Guinardó,34,Can Baró,4839,4422,283,42,0,6,86,0.9138251704897706,0.058483157677206035,0.008679479231246125,0,0.0012399256044637321,0.017772266997313494
2020,7,Horta-Guinardó,35,el Guinardó,18820,16662,1801,23,0,31,303,0.8853347502656748,0.09569606801275239,0.0012221041445270987,0,0.001647183846971307,0.01609989373007439
2020,7,Horta-Guinardó,36,la Font d'en Fargues,5323,5027,235,20,0,1,40,0.9443922600037573,0.04414803682134135,0.0037572797294758596,0,1.8786398647379298e-4,0.007514559458951719
2020,7,Horta-Guinardó,37,el Carmel,15508,14033,925,188,0,20,342,0.9048877998452411,0.05964663399535723,0.012122775341759092,0,0.0012896569512509672,0.02205313386639154
2020,7,Horta-Guinardó,38,la Teixonera,5983,5449,381,85,0,5,63,0.9107471168310213,0.06368042787899048,0.014206919605549055,0,8.357011532675915e-4,0.010529834531171654
2020,7,Horta-Guinardó,39,Sant Genís dels Agudells,3469,2797,587,46,0,6,33,0.8062842317670799,0.16921302969155377,0.013260305563562986,0,0.0017296050735082155,0.009512827904295185
2020,7,Horta-Guinardó,40,Montbau,2562,2470,68,9,0,2,13,0.9640905542544886,0.02654176424668228,0.00351288056206089,0,7.8064012490242e-4,0.00507416081186573
2020,7,Horta-Guinardó,41,la Vall d'Hebron,2655,2442,93,92,0,8,20,0.919774011299435,0.03502824858757062,0.03465160075329567,0,0.0030131826741996233,0.007532956685499058
2020,7,Horta-Guinardó,42,la Clota,419,319,66,21,0,4,9,0.7613365155131265,0.1575178997613365,0.050119331742243436,0,0.00954653937947494,0.021479713603818614
2020,7,Horta-Guinardó,43,Horta,13491,12383,941,28,0,8,131,0.9178711733748425,0.06975020383959676,0.0020754577125491067,0,5.929879178711734e-4,0.009710177155140463
2020,8,Nou Barris,44,Vilapicina i la Torre Llobeta,12267,11450,689,10,0,8,110,0.9333985489524741,0.05616695198500041,8.151952392598027e-4,0,6.521561914078421e-4,0.00896714763185783
2020,8,Nou Barris,45,Porta,11507,10146,886,341,0,2,132,0.8817241678978014,0.07699661075866863,0.029634135743460504,0,1.7380724776223168e-4,0.01147127835230729
2020,8,Nou Barris,46,el Turó de la Peira,7059,5538,1274,196,0,7,44,0.7845303867403315,0.18047882136279927,0.027765972517353733,0,9.916418756197763e-4,0.006233177503895736
2020,8,Nou Barris,47,Can Peguera,1047,212,99,735,0,1,0,0.20248328557784145,0.09455587392550144,0.7020057306590258,0,9.551098376313276e-4,0
2020,8,Nou Barris,48,la Guineueta,6801,5983,739,37,0,1,41,0.879723570063226,0.10866049110424937,0.005440376415233054,0,1.4703720041170417e-4,0.006028525216879871
2020,8,Nou Barris,49,Canyelles,2919,2793,19,47,0,5,55,0.9568345323741008,0.006509078451524495,0.016101404590613225,0,0.0017129153819801302,0.01884206920178143
2020,8,Nou Barris,50,les Roquetes,7083,6389,457,101,0,13,123,0.902018918537343,0.06452068332627418,0.014259494564450092,0,0.0018353804884935763,0.01736552308343922
2020,8,Nou Barris,51,Verdun,5918,5372,268,211,0,8,59,0.9077391010476512,0.045285569449138224,0.03565393714092599,0,0.0013518080432578573,0.009969584319026698
2020,8,Nou Barris,52,la Prosperitat,12197,11308,480,224,0,27,158,0.9271132245634173,0.03935393949331803,0.018365171763548415,0,0.002213659096499139,0.012954005083217184
2020,8,Nou Barris,53,la Trinitat Nova,3650,2875,158,590,0,9,18,0.7876712328767124,0.04328767123287671,0.16164383561643836,0,0.002465753424657534,0.004931506849315068
2020,8,Nou Barris,54,Torre Baró,1700,1121,253,269,0,4,53,0.6594117647058824,0.14882352941176472,0.15823529411764706,0,0.002352941176470588,0.031176470588235295
2020,8,Nou Barris,55,Ciutat Meridiana,3957,3326,462,76,0,35,58,0.8405357594136973,0.11675511751326763,0.0192064695476371,0,0.008845084660096033,0.014657568865301996
2020,8,Nou Barris,56,Vallbona,845,584,34,215,0,0,12,0.6911242603550296,0.040236686390532544,0.25443786982248523,0,0,0.014201183431952662
2020,9,Sant Andreu,57,la Trinitat Vella,4195,3558,449,106,0,19,63,0.8481525625744935,0.10703218116805721,0.02526817640047676,0,0.004529201430274136,0.015017878426698451
2020,9,Sant Andreu,58,Baró de Viver,1112,844,21,239,0,1,7,0.7589928057553957,0.018884892086330936,0.21492805755395683,0,8.992805755395684e-4,0.006294964028776978
2020,9,Sant Andreu,59,el Bon Pastor,5097,4341,308,410,0,6,32,0.85167745732784,0.0604277025701393,0.0804394742005101,0,0.0011771630370806356,0.006278202864430057
2020,9,Sant Andreu,60,Sant Andreu,29217,26381,1706,874,0,37,219,0.902933223808057,0.05839066297018859,0.02991409111133929,0,0.0012663860081459425,0.007495636102269227
2020,9,Sant Andreu,61,la Sagrera,13493,10958,2359,58,0,9,109,0.8121248054546802,0.17483139405617729,0.004298525161194694,0,6.670125250129697e-4,0.008078262802934855
2020,9,Sant Andreu,62,el Congrés i els Indians,7056,6399,570,2,0,10,75,0.9068877551020408,0.08078231292517007,2.834467120181406e-4,0,0.001417233560090703,0.010629251700680272
2020,9,Sant Andreu,63,Navas,10273,9337,689,160,0,7,80,0.9088873746714689,0.06706901586683539,0.015574807748466854,0,6.813978389954249e-4,0.007787403874233427
2020,10,Sant Martí,64,el Camp de l'Arpa del Clot,19958,17507,2066,57,0,37,291,0.877192103417176,0.10351738651167451,0.002855997594949394,0,0.0018538931756689047,0.014580619300531115
2020,10,Sant Martí,65,el Clot,12420,10816,1359,91,0,21,133,0.87085346215781,0.10942028985507246,0.007326892109500805,0,0.0016908212560386474,0.0107085346215781
2020,10,Sant Martí,66,el Parc i la Llacuna del Poblenou,7594,6669,717,137,0,9,62,0.8781933105082961,0.09441664471951541,0.018040558335528048,0,0.00118514616802739,0.008164340268633132
2020,10,Sant Martí,67,la Vila Olímpica del Poblenou,4653,4090,464,71,0,1,27,0.8790027938964109,0.09972061035890824,0.015258972705781216,0,2.149151085321298e-4,0.005802707930367505
2020,10,Sant Martí,68,el Poblenou,16638,14356,1803,234,0,61,184,0.8628440918379613,0.10836639019112874,0.014064190407500902,0,0.003666306046399808,0.011059021517009255
2020,10,Sant Martí,69,Diagonal Mar i el Front Marítim del Poblenou,6296,5358,716,183,0,3,36,0.8510165184243964,0.11372299872935197,0.029066073697585768,0,4.764930114358323e-4,0.005717916137229987
2020,10,Sant Martí,70,el Besòs i el Maresme,9763,8657,713,262,0,40,91,0.8867151490320598,0.07303083068728874,0.02683601352043429,0,0.004097101300829663,0.009320905459387484
2020,10,Sant Martí,71,Provençals del Poblenou,8780,7766,656,278,0,3,77,0.8845102505694761,0.07471526195899772,0.0316628701594533,0,3.416856492027335e-4,0.00876993166287016
2020,10,Sant Martí,72,Sant Martí de Provençals,11694,11083,511,16,0,8,76,0.9477509834102958,0.04369762271250214,0.0013682230203523175,0,6.841115101761587e-4,0.006499059346673508
2020,10,Sant Martí,73,la Verneda i la Pau,13067,12393,271,264,0,11,128,0.9484196831713476,0.020739266855437363,0.020203566235555217,0,8.418152598148006e-4,0.009795668477844953
2021,1,Ciutat Vella,1,el Raval,23349,16017,5114,1775,0,80,363,0.6859822690479249,0.2190243693520065,0.07602038631204762,0,0.0034262709323739774,0.015546704355646923
2021,1,Ciutat Vella,2,el Barri Gòtic,10484,6872,3160,264,0,80,108,0.6554750095383441,0.30141167493323157,0.02518122853872568,0,0.007630675314765357,0.01030141167493323
2021,1,Ciutat Vella,3,la Barceloneta,9223,7236,1545,347,0,10,85,0.7845603382847229,0.16751599262712782,0.03762333297191803,0,0.0010842459069717013,0.00921609020925946
2021,1,Ciutat Vella,4,"Sant Pere, Santa Caterina i la Ribera",14612,10381,3129,893,0,73,136,0.7104434711196277,0.2141390637831919,0.06111415275116343,0,0.004995893785929373,0.0093074185600876
2021,2,Eixample,5,el Fort Pienc,15386,12379,2790,36,0,50,131,0.804562589366957,0.1813336799688028,0.0023397894189522944,0,0.003249707526322631,0.008514233718965293
2021,2,Eixample,6,la Sagrada Família,27051,23161,3620,43,0,26,201,0.8561975527706924,0.13382130050645077,0.001589590033640161,0,9.611474622010276e-4,0.007430409227015637
2021,2,Eixample,7,la Dreta de l'Eixample,26618,19194,7014,92,0,103,215,0.7210909910586821,0.2635058982643324,0.003456307761665039,0,0.0038695619505597716,0.008077240964760687
2021,2,Eixample,8,l'Antiga Esquerra de l'Eixample,24175,18971,4811,11,0,120,262,0.7847362978283351,0.19900723888314376,4.5501551189245087e-4,0,0.004963805584281282,0.010837642192347466
2021,2,Eixample,9,la Nova Esquerra de l'Eixample,30107,25807,3912,63,0,48,277,0.8571760720098316,0.1299365596040788,0.0020925366193908393,0,0.0015943136147739728,0.009200518151924802
2021,2,Eixample,10,Sant Antoni,20120,16792,2941,105,0,20,262,0.8345924453280318,0.14617296222664017,0.005218687872763419,0,9.940357852882703e-4,0.013021868787276342
2021,3,Sants-Montjuïc,11,el Poble-sec,19216,16362,2329,321,0,35,169,0.8514779350541216,0.12120108243130724,0.016704829308909243,0,0.001821398834304746,0.008794754371357202
2021,3,Sants-Montjuïc,12,la Marina del Prat Vermell,843,553,173,109,0,0,8,0.6559905100830368,0.20521945432977462,0.12930011862396204,0,0,0.009489916963226572
2021,3,Sants-Montjuïc,13,la Marina de Port,13332,11740,624,867,0,22,79,0.8805880588058805,0.046804680468046804,0.06503150315031503,0,0.0016501650165016502,0.005925592559255926
2021,3,Sants-Montjuïc,14,la Font de la Guatlla,5072,4591,427,14,0,4,36,0.9051656151419558,0.08418769716088328,0.0027602523659305996,0,7.886435331230284e-4,0.007097791798107256
2021,3,Sants-Montjuïc,15,Hostafrancs,8192,6941,1147,27,0,4,73,0.8472900390625,0.1400146484375,0.0032958984375,0,4.8828125e-4,0.0089111328125
2021,3,Sants-Montjuïc,16,la Bordeta,8946,8269,560,30,0,25,62,0.9243237200983679,0.06259780907668232,0.00335345405767941,0,0.002794545048066175,0.0069304717192041135
2021,3,Sants-Montjuïc,17,Sants - Badal,11876,10720,942,41,0,29,144,0.9026608285618053,0.07931963624115863,0.003452340855506905,0,0.002441899629504884,0.01212529471202425
2021,3,Sants-Montjuïc,18,Sants,21295,18662,2377,76,0,14,166,0.8763559521014322,0.1116224465837051,0.0035689128903498473,0,6.574313219065509e-4,0.007795257102606245
2021,4,Les Corts,19,les Corts,23309,20556,2401,200,0,19,133,0.8818911150199493,0.10300742202582694,0.008580376678536188,0,8.151357844609379e-4,0.005705950491226565
2021,4,Les Corts,20,la Maternitat i Sant Ramon,11791,10530,1046,138,0,6,71,0.8930540242557883,0.08871172928504792,0.011703841913323722,0,5.0886269188364e-4,0.006021541853956407
2021,4,Les Corts,21,Pedralbes,6105,4795,1175,83,0,15,37,0.7854217854217854,0.19246519246519248,0.013595413595413596,0,0.002457002457002457,0.006060606060606061
2021,5,Sarrià-Sant Gervasi,22,"Vallvidrera, el Tibidabo i les Planes",3069,2768,260,13,0,4,24,0.9019224503095471,0.08471814923427827,0.004235907461713913,0,0.0013033561420658195,0.007820136852394917
2021,5,Sarrià-Sant Gervasi,23,Sarrià,12714,10750,1778,45,0,40,101,0.8455246185307534,0.1398458392323423,0.0035394053798961773,0,0.003146138115463269,0.007943998741544753
2021,5,Sarrià-Sant Gervasi,24,les Tres Torres,7072,5680,1320,22,0,6,44,0.8031674208144797,0.18665158371040724,0.003110859728506787,0,8.484162895927602e-4,0.006221719457013574
2021,5,Sarrià-Sant Gervasi,25,Sant Gervasi - la Bonanova,12707,9932,2599,37,0,44,95,0.7816164318879358,0.20453293460297473,0.002911780908160856,0,0.0034626583772723696,0.007476194223656253
2021,5,Sarrià-Sant Gervasi,26,Sant Gervasi - Galvany,25392,19981,5217,16,0,33,145,0.78690138626339,0.20545841209829868,6.30119722747322e-4,0,0.0012996219281663517,0.005710459987397606
2021,5,Sarrià-Sant Gervasi,27,el Putxet i el Farró,16525,13569,2738,21,0,53,144,0.8211195158850227,0.16568835098335855,0.0012708018154311649,0,0.0032072617246596065,0.008714069591527988
2021,6,Gràcia,28,Vallcarca i els Penitents,9093,7697,1138,182,0,7,69,0.846475310678544,0.1251512152204993,0.020015396458814474,0,7.698229407236335e-4,0.007588254701418674
2021,6,Gràcia,29,el Coll,3986,3583,311,52,0,7,33,0.8988961364776719,0.07802308078273959,0.013045659809332665,0,0.0017561465127947818,0.008278976417461115
2021,6,Gràcia,30,la Salut,6961,6101,789,8,0,8,55,0.8764545323947709,0.11334578365177417,0.0011492601637695732,0,0.0011492601637695732,0.007901163625915817
2021,6,Gràcia,31,la Vila de Gràcia,31703,26105,4877,59,0,131,531,0.8234236507586032,0.15383402201684382,0.0018610226161561998,0,0.004132101062990884,0.016749203545405798
2021,6,Gràcia,32,el Camp d'en Grassot i Gràcia Nova,18655,16255,2230,20,0,10,140,0.8713481640310908,0.11953899758777807,0.0010720986330742428,0,5.360493165371214e-4,0.0075046904315197
2021,7,Horta-Guinardó,33,el Baix Guinardó,12598,11167,1096,250,0,10,75,0.8864105413557708,0.08699793618034608,0.019844419749166533,0,7.937767899666614e-4,0.00595332592474996
2021,7,Horta-Guinardó,34,Can Baró,4874,4462,292,43,0,5,72,0.9154698399671728,0.059909725071809604,0.00882232252769799,0,0.0010258514567090685,0.014772260976610586
2021,7,Horta-Guinardó,35,el Guinardó,18966,16815,1894,24,0,30,203,0.8865865232521354,0.09986291258040704,0.0012654223347042075,0,0.0015817779183802593,0.010703363914373088
2021,7,Horta-Guinardó,36,la Font d'en Fargues,5360,5083,230,19,0,1,27,0.9483208955223881,0.04291044776119403,0.0035447761194029852,0,1.8656716417910448e-4,0.005037313432835821
2021,7,Horta-Guinardó,37,el Carmel,15534,14166,947,190,0,19,212,0.9119351100811124,0.060963048796189,0.012231234710956612,0,0.0012231234710956612,0.013647482940646324
2021,7,Horta-Guinardó,38,la Teixonera,6001,5474,391,89,0,4,43,0.9121813031161473,0.06515580736543909,0.014830861523079487,0,6.665555740709882e-4,0.0071654724212631225
2021,7,Horta-Guinardó,39,Sant Genís dels Agudells,3482,2751,648,49,0,6,28,0.7900631820792647,0.1860999425617461,0.014072372199885124,0,0.0017231476163124641,0.0080413555427915
2021,7,Horta-Guinardó,40,Montbau,2562,2471,74,9,0,2,6,0.9644808743169399,0.02888368462138954,0.00351288056206089,0,7.8064012490242e-4,0.00234192037470726
2021,7,Horta-Guinardó,41,la Vall d'Hebron,2655,2451,92,92,0,12,8,0.9231638418079096,0.03465160075329567,0.03465160075329567,0,0.004519774011299435,0.0030131826741996233
2021,7,Horta-Guinardó,42,la Clota,416,315,66,23,0,4,8,0.7572115384615384,0.15865384615384615,0.055288461538461536,0,0.009615384615384616,0.019230769230769232
2021,7,Horta-Guinardó,43,Horta,13544,12460,953,32,0,8,91,0.9199645599527466,0.07036326048434731,0.002362669816893089,0,5.906674542232723e-4,0.006718842291789723
2021,8,Nou Barris,44,Vilapicina i la Torre Llobeta,12306,11477,736,10,0,9,74,0.9326344872419958,0.05980822363074923,8.126117341134406e-4,0,7.313505607020966e-4,0.0060133268324394605
2021,8,Nou Barris,45,Porta,11519,10197,870,341,0,2,109,0.8852330931504471,0.07552738953034117,0.029603264172237173,0,1.7362618282837052e-4,0.009462626964146193
2021,8,Nou Barris,46,el Turó de la Peira,7056,5542,1269,209,0,6,30,0.7854308390022676,0.1798469387755102,0.02962018140589569,0,8.503401360544217e-4,0.004251700680272109
2021,8,Nou Barris,47,Can Peguera,1047,212,99,735,0,1,0,0.20248328557784145,0.09455587392550144,0.7020057306590258,0,9.551098376313276e-4,0
2021,8,Nou Barris,48,la Guineueta,6801,5996,746,35,0,1,23,0.8816350536685782,0.1096897515071313,0.0051463020144096455,0,1.4703720041170417e-4,0.0033818556094691956
2021,8,Nou Barris,49,Canyelles,2920,2810,18,48,0,5,39,0.9623287671232876,0.0061643835616438354,0.01643835616438356,0,0.0017123287671232876,0.013356164383561644
2021,8,Nou Barris,50,les Roquetes,7103,6420,463,114,0,13,93,0.9038434464310855,0.06518372518654089,0.016049556525411797,0,0.0018302125862311698,0.013093059270730676
2021,8,Nou Barris,51,Verdun,5934,5392,274,217,0,8,43,0.9086619480957195,0.04617458712504213,0.03656892483990563,0,0.0013481631277384564,0.007246376811594203
2021,8,Nou Barris,52,la Prosperitat,12208,11314,519,230,0,25,120,0.9267693315858454,0.04251310615989515,0.01884010484927916,0,0.0020478374836173,0.009829619921363041
2021,8,Nou Barris,53,la Trinitat Nova,3649,2860,153,611,0,8,17,0.7837763770896136,0.04192929569745136,0.16744313510550835,0,0.0021923814743765417,0.004658810633050151
2021,8,Nou Barris,54,Torre Baró,1701,1131,254,268,0,4,44,0.6649029982363316,0.1493239271017049,0.157554379776602,0,0.0023515579071134627,0.02586713697824809
2021,8,Nou Barris,55,Ciutat Meridiana,3957,3342,427,115,0,32,41,0.844579226686884,0.10791003285317159,0.029062421026029822,0,0.008086934546373515,0.010361384887541066
2021,8,Nou Barris,56,Vallbona,845,584,32,215,0,2,12,0.6911242603550296,0.0378698224852071,0.25443786982248523,0,0.002366863905325444,0.014201183431952662
2021,9,Sant Andreu,57,la Trinitat Vella,4198,3570,443,123,0,15,47,0.8504049547403526,0.10552644116245831,0.029299666507860887,0,0.0035731300619342545,0.011195807527393997
2021,9,Sant Andreu,58,Baró de Viver,1112,847,22,239,0,1,3,0.7616906474820144,0.019784172661870502,0.21492805755395683,0,8.992805755395684e-4,0.002697841726618705
2021,9,Sant Andreu,59,el Bon Pastor,5265,4349,324,559,0,7,26,0.8260208926875594,0.06153846153846154,0.10617283950617284,0,0.0013295346628679962,0.0049382716049382715
2021,9,Sant Andreu,60,Sant Andreu,29316,26580,1666,891,0,37,142,0.9066721244371674,0.05682903533906399,0.030392959476054034,0,0.00126210942829854,0.004843771319416018
2021,9,Sant Andreu,61,la Sagrera,13520,11040,2357,59,0,8,56,0.8165680473372781,0.17433431952662723,0.004363905325443787,0,5.91715976331361e-4,0.004142011834319527
2021,9,Sant Andreu,62,el Congrés i els Indians,7063,6399,608,2,0,10,44,0.9059889565340506,0.08608240124592949,2.831657935721365e-4,0,0.0014158289678606825,0.006229647458587003
2021,9,Sant Andreu,63,Navas,10367,9426,723,161,0,7,50,0.9092312144304042,0.0697405228127713,0.015530047265361242,0,6.752194463200541e-4,0.004822996045143243
2021,10,Sant Martí,64,el Camp de l'Arpa del Clot,20092,17703,2097,57,0,29,206,0.8810969540115469,0.10436989846705157,0.002836950029862632,0,0.0014433605415090584,0.010252836950029863
2021,10,Sant Martí,65,el Clot,12475,10891,1390,92,0,21,81,0.8730260521042085,0.11142284569138276,0.007374749498997996,0,0.0016833667334669338,0.006492985971943888
2021,10,Sant Martí,66,el Parc i la Llacuna del Poblenou,7760,6751,830,137,0,9,33,0.8699742268041237,0.10695876288659793,0.01765463917525773,0,0.0011597938144329897,0.0042525773195876285
2021,10,Sant Martí,67,la Vila Olímpica del Poblenou,4657,4122,446,71,0,1,17,0.8851191754348293,0.09576980888984325,0.015245866437620785,0,2.1473051320592657e-4,0.0036504187245007514
2021,10,Sant Martí,68,el Poblenou,16889,14592,1835,238,0,61,163,0.8639943158268696,0.10865060098288827,0.014092012552548997,0,0.003611818343300373,0.0096512522943928
2021,10,Sant Martí,69,Diagonal Mar i el Front Marítim del Poblenou,6330,5420,702,183,0,2,23,0.8562401263823065,0.11090047393364928,0.02890995260663507,0,3.15955766192733e-4,0.0036334913112164298
2021,10,Sant Martí,70,el Besòs i el Maresme,9764,8734,649,274,0,39,68,0.894510446538304,0.06646866038508809,0.02806226956165506,0,0.003994264645637034,0.006964358869315854
2021,10,Sant Martí,71,Provençals del Poblenou,8960,7888,711,323,0,3,35,0.8803571428571428,0.07935267857142857,0.03604910714285714,0,3.348214285714286e-4,0.00390625
2021,10,Sant Martí,72,Sant Martí de Provençals,11712,11131,504,17,0,7,53,0.9503927595628415,0.0430327868852459,0.0014515027322404373,0,5.976775956284153e-4,0.004525273224043716
2021,10,Sant Martí,73,la Verneda i la Pau,13077,12452,280,259,0,11,75,0.9522061634931559,0.021411638755066145,0.019805765848436185,0,8.411715225204558e-4,0.005735260380821289
2022,1,Ciutat Vella,1,el Raval,23413,15969,5242,1777,0,76,349,0.682056976893179,0.22389270917866141,0.0758980053816256,0,0.0032460598812625464,0.01490624866527143
2022,1,Ciutat Vella,2,el Barri Gòtic,10499,6872,3195,245,0,83,104,0.6545385274788075,0.30431469663777505,0.023335555767215924,0,0.007905514810934374,0.009905705305267168
2022,1,Ciutat Vella,3,la Barceloneta,9221,7238,1568,346,0,10,59,0.7849474026678235,0.17004663268625964,0.03752304522286086,0,0.001084481075805227,0.00639843834725084
2022,1,Ciutat Vella,4,"Sant Pere, Santa Caterina i la Ribera",14620,10418,3130,890,0,73,109,0.7125854993160055,0.21409028727770177,0.06087551299589603,0,0.004993160054719562,0.0074555403556771545
2022,2,Eixample,5,el Fort Pienc,15518,12369,2896,95,0,51,107,0.7970743652532543,0.1866219873695064,0.0061219229282123986,0,0.0032865059930403404,0.006895218455986596
2022,2,Eixample,6,la Sagrada Família,27219,23130,3859,44,0,25,161,0.8497740548881296,0.1417759653183438,0.0016165178735442155,0,9.184760645137588e-4,0.005914985855468607
2022,2,Eixample,7,la Dreta de l'Eixample,26941,19160,7408,91,0,103,179,0.7111836977098104,0.27497123343602686,0.003377751382650978,0,0.003823169147396162,0.00664414832411566
2022,2,Eixample,8,l'Antiga Esquerra de l'Eixample,24296,19028,4894,19,0,124,231,0.7831741850510372,0.20143233454066514,7.820217319723412e-4,0,0.005103720777082647,0.009507737899242674
2022,2,Eixample,9,la Nova Esquerra de l'Eixample,30230,25722,4082,143,0,50,233,0.8508766126364539,0.1350314257360238,0.004730400264637777,0,0.0016539861065167053,0.007707575256367847
2022,2,Eixample,10,Sant Antoni,20130,16842,2949,133,0,19,187,0.8366616989567809,0.1464977645305514,0.006607054148037755,0,9.438648782911078e-4,0.009289617486338797
2022,3,Sants-Montjuïc,11,el Poble-sec,19249,16359,2395,339,0,35,121,0.8498623305106758,0.12442204789859214,0.017611304483349785,0,0.0018182762740921606,0.006286040833290041
2022,3,Sants-Montjuïc,12,la Marina del Prat Vermell,940,561,88,283,0,0,8,0.5968085106382979,0.09361702127659574,0.30106382978723406,0,0,0.00851063829787234
2022,3,Sants-Montjuïc,13,la Marina de Port,13361,11796,611,862,0,23,69,0.8828680487987426,0.04573011002170496,0.06451612903225806,0,0.001721428036823591,0.005164284110470773
2022,3,Sants-Montjuïc,14,la Font de la Guatlla,5074,4606,423,13,0,4,28,0.9077650768624359,0.0833661805281829,0.002562081198265668,0,7.883326763894363e-4,0.005518328734726055
2022,3,Sants-Montjuïc,15,Hostafrancs,8221,6966,1156,22,0,9,68,0.8473421724850991,0.14061549689818756,0.0026760734703807324,0,0.0010947573287921177,0.008271499817540445
2022,3,Sants-Montjuïc,16,la Bordeta,8949,8311,527,35,0,26,50,0.9287071181137557,0.05888926136998547,0.003911051514135657,0,0.002905352553357917,0.005587216448765225
2022,3,Sants-Montjuïc,17,Sants - Badal,11915,10715,1013,42,0,29,116,0.8992866135123794,0.08501888375996643,0.0035249685270667226,0,0.002433906840117499,0.009735627360469996
2022,3,Sants-Montjuïc,18,Sants,21325,18696,2385,78,0,15,151,0.876717467760844,0.11184056271981242,0.0036576787807737396,0,7.033997655334115e-4,0.007080890973036343
2022,4,Les Corts,19,les Corts,23328,20556,2443,198,0,18,113,0.8811728395061729,0.10472393689986283,0.008487654320987654,0,7.716049382716049e-4,0.004843964334705075
2022,4,Les Corts,20,la Maternitat i Sant Ramon,11782,10515,1064,138,0,8,57,0.892463079273468,0.09030724834493295,0.011712782210151079,0,6.790018672551349e-4,0.004837888304192836
2022,4,Les Corts,21,Pedralbes,6107,4803,1173,81,0,15,35,0.7864745374160799,0.1920746684132962,0.013263468151301784,0,0.0024561978057966267,0.005731128213525462
2022,5,Sarrià-Sant Gervasi,22,"Vallvidrera, el Tibidabo i les Planes",3069,2765,264,13,0,4,23,0.9009449332029977,0.08602150537634409,0.004235907461713913,0,0.0013033561420658195,0.007494297816878462
2022,5,Sarrià-Sant Gervasi,23,Sarrià,12842,10798,1853,69,0,41,81,0.8408347609406635,0.1442921663292322,0.0053729948606136115,0,0.003192649120074755,0.006307428749415978
2022,5,Sarrià-Sant Gervasi,24,les Tres Torres,7072,5686,1324,22,0,6,34,0.8040158371040724,0.18721719457013575,0.003110859728506787,0,8.484162895927602e-4,0.004807692307692308
2022,5,Sarrià-Sant Gervasi,25,Sant Gervasi - la Bonanova,12766,9955,2610,82,0,43,76,0.7798057339808867,0.20444931850227166,0.006423311922293592,0,0.0033683221055929814,0.005953313488955037
2022,5,Sarrià-Sant Gervasi,26,Sant Gervasi - Galvany,25461,19979,5323,7,0,37,115,0.7846903106712226,0.20906484427163113,2.749302855347394e-4,0,0.0014532029378264797,0.004516711833785004
2022,5,Sarrià-Sant Gervasi,27,el Putxet i el Farró,16561,13577,2780,21,0,53,130,0.8198176438620857,0.16786425940462532,0.001268039369603285,0,0.003200289837570195,0.007849767526115574
2022,6,Gràcia,28,Vallcarca i els Penitents,9091,7742,1114,182,0,6,47,0.8516114838851612,0.12253877461225388,0.02001979980200198,0,6.599934000659993e-4,0.005169948300516995
2022,6,Gràcia,29,el Coll,4029,3629,320,52,0,4,24,0.9007197815835195,0.07942417473318442,0.012906428394142468,0,9.928021841648052e-4,0.005956813104988831
2022,6,Gràcia,30,la Salut,6958,6105,796,9,0,8,40,0.8774073009485485,0.11440068985340615,0.0012934751365334866,0,0.0011497556769186547,0.005748778384593274
2022,6,Gràcia,31,la Vila de Gràcia,31775,26187,4947,70,0,130,441,0.8241384736428009,0.1556884343036979,0.002202989771833202,0,0.004091266719118804,0.013878835562549175
2022,6,Gràcia,32,el Camp d'en Grassot i Gràcia Nova,18691,16309,2251,21,0,9,101,0.8725589856080467,0.12043229361724894,0.001123535391364828,0,4.8151516772778344e-4,0.005403670215611792
2022,7,Horta-Guinardó,33,el Baix Guinardó,12611,11178,1110,250,0,13,60,0.8863690428990564,0.08801839663785584,0.019823963206724287,0,0.001030846086749663,0.004757751169613829
2022,7,Horta-Guinardó,34,Can Baró,4883,4478,289,42,0,6,68,0.9170591849272988,0.059184927298791726,0.008601269711243089,0,0.0012287528158918697,0.013925865246774524
2022,7,Horta-Guinardó,35,el Guinardó,19014,16895,1910,24,0,30,155,0.8885558009887451,0.10045229830651099,0.0012622278321236984,0,0.001577784790154623,0.008151888082465551
2022,7,Horta-Guinardó,36,la Font d'en Fargues,5363,5087,234,20,0,1,21,0.9485362670147306,0.043632295357076266,0.003729256013425322,0,1.8646280067126608e-4,0.003915718814096587
2022,7,Horta-Guinardó,37,el Carmel,15546,14151,994,191,0,18,192,0.9102663064453879,0.06393927698443329,0.012286118615721086,0,0.0011578541103820917,0.012350443844075647
2022,7,Horta-Guinardó,38,la Teixonera,6010,5477,404,91,0,3,35,0.9113144758735441,0.06722129783693843,0.0151414309484193,0,4.991680532445924e-4,0.005823627287853577
2022,7,Horta-Guinardó,39,Sant Genís dels Agudells,3481,2751,653,49,0,6,22,0.7902901465096237,0.18758977305372018,0.01407641482332663,0,0.0017236426314277506,0.006320022981901752
2022,7,Horta-Guinardó,40,Montbau,2562,2476,72,7,0,2,5,0.9664324746291959,0.02810304449648712,0.00273224043715847,0,7.8064012490242e-4,0.00195160031225605
2022,7,Horta-Guinardó,41,la Vall d'Hebron,2657,2452,92,95,0,12,6,0.9228453142642078,0.03462551750094091,0.03575461046292811,0,0.004516371847948814,0.002258185923974407
2022,7,Horta-Guinardó,42,la Clota,416,323,62,22,0,4,5,0.7764423076923077,0.14903846153846154,0.052884615384615384,0,0.009615384615384616,0.01201923076923077
2022,7,Horta-Guinardó,43,Horta,13560,12370,961,140,0,8,81,0.9122418879056047,0.07087020648967551,0.01032448377581121,0,5.899705014749262e-4,0.005973451327433628
2022,8,Nou Barris,44,Vilapicina i la Torre Llobeta,12321,11501,746,10,0,8,56,0.9334469604739875,0.060547033520006496,8.116224332440549e-4,0,6.492979465952439e-4,0.004545085626166707
2022,8,Nou Barris,45,Porta,11523,10235,862,342,0,3,81,0.8882235528942116,0.07480690792328387,0.029679770892996615,0,2.603488674824265e-4,0.007029419422025514
2022,8,Nou Barris,46,el Turó de la Peira,7058,5548,1265,212,0,8,25,0.7860583734769057,0.17922924341173138,0.030036837631056957,0,0.0011334655709832814,0.0035420799093227543
2022,8,Nou Barris,47,Can Peguera,1047,212,99,735,0,1,0,0.20248328557784145,0.09455587392550144,0.7020057306590258,0,9.551098376313276e-4,0
2022,8,Nou Barris,48,la Guineueta,6801,6002,746,33,0,2,18,0.8825172768710484,0.1096897515071313,0.004852227613586237,0,2.9407440082340834e-4,0.002646669607410675
2022,8,Nou Barris,49,Canyelles,2920,2818,17,47,0,5,33,0.9650684931506849,0.0058219178082191785,0.016095890410958904,0,0.0017123287671232876,0.011301369863013699
2022,8,Nou Barris,50,les Roquetes,7103,6430,460,122,0,15,76,0.9052513022666479,0.06476136843587217,0.01717584119386175,0,0.0021117837533436577,0.010699704350274532
2022,8,Nou Barris,51,Verdun,5947,5402,282,218,0,7,38,0.9083571548680007,0.04741886665545653,0.03665713805279973,0,0.0011770640659155877,0.006389776357827476
2022,8,Nou Barris,52,la Prosperitat,12214,11362,499,231,0,23,99,0.9302439823153758,0.040854756836417226,0.018912723104634026,0,0.0018830849844440807,0.008105452759128868
2022,8,Nou Barris,53,la Trinitat Nova,3467,2852,146,449,0,7,13,0.8226132102682434,0.042111335448514566,0.12950677819440437,0,0.002019036631093164,0.0037496394577444477
2022,8,Nou Barris,54,Torre Baró,1703,1134,56,467,0,4,42,0.6658837345860247,0.03288314738696418,0.27422196124486203,0,0.002348796241926013,0.024662360540223135
2022,8,Nou Barris,55,Ciutat Meridiana,3957,3342,422,127,0,30,36,0.844579226686884,0.10664644933030074,0.03209502148091989,0,0.0075815011372251705,0.009097801364670205
2022,8,Nou Barris,56,Vallbona,844,584,31,215,0,2,12,0.6919431279620853,0.03672985781990521,0.254739336492891,0,0.002369668246445498,0.014218009478672985
2022,9,Sant Andreu,57,la Trinitat Vella,4198,3571,442,124,0,15,46,0.8506431634111482,0.10528823249166269,0.029537875178656504,0,0.0035731300619342545,0.01095759885659838
2022,9,Sant Andreu,58,Baró de Viver,1112,846,23,239,0,1,3,0.7607913669064749,0.02068345323741007,0.21492805755395683,0,8.992805755395684e-4,0.002697841726618705
2022,9,Sant Andreu,59,el Bon Pastor,5504,4361,320,748,0,8,67,0.7923328488372093,0.05813953488372093,0.13590116279069767,0,0.0014534883720930232,0.01217296511627907
2022,9,Sant Andreu,60,Sant Andreu,29415,26730,1632,905,0,36,112,0.9087200407955125,0.05548189699133095,0.030766615672276048,0,0.001223865374808771,0.0038075811660717323
2022,9,Sant Andreu,61,la Sagrera,13681,11173,2393,59,0,8,48,0.8166800672465463,0.17491411446531685,0.004312550252174549,0,5.847525765660405e-4,0.003508515459396243
2022,9,Sant Andreu,62,el Congrés i els Indians,7079,6411,617,2,0,10,39,0.9056363893205255,0.08715920327729905,2.8252578047746857e-4,0,0.0014126289023873428,0.005509252719310637
2022,9,Sant Andreu,63,Navas,10388,9477,702,162,0,7,40,0.9123026569118213,0.06757797458606084,0.015594917212167885,0,6.738544474393531e-4,0.003850596842510589
2022,10,Sant Martí,64,el Camp de l'Arpa del Clot,20130,17736,2127,57,0,26,184,0.8810730253353204,0.10566318926974665,0.0028315946348733234,0,0.0012916045702930949,0.009140586189766518
2022,10,Sant Martí,65,el Clot,12542,10963,1409,93,0,21,56,0.8741030138733854,0.11234252910221655,0.007415085313347154,0,0.0016743741030138734,0.004464997608036996
2022,10,Sant Martí,66,el Parc i la Llacuna del Poblenou,7722,6499,879,301,0,20,23,0.8416213416213416,0.11383061383061382,0.03897953897953898,0,0.00259000259000259,0.0029785029785029784
2022,10,Sant Martí,67,la Vila Olímpica del Poblenou,4690,4132,472,71,0,1,14,0.8810234541577825,0.10063965884861407,0.015138592750533048,0,2.1321961620469082e-4,0.0029850746268656717
2022,10,Sant Martí,68,el Poblenou,17052,14745,1876,239,0,61,131,0.8647079521463757,0.11001642036124795,0.014015951208069435,0,0.003577292986159981,0.007682383298146845
2022,10,Sant Martí,69,Diagonal Mar i el Front Marítim del Poblenou,6330,5444,677,183,0,3,23,0.8600315955766192,0.10695102685624013,0.02890995260663507,0,4.7393364928909954e-4,0.0036334913112164298
2022,10,Sant Martí,70,el Besòs i el Maresme,9868,8800,692,275,0,40,61,0.8917713822456425,0.07012565869477097,0.027867855695176327,0,0.004053506282934738,0.006181597081475476
2022,10,Sant Martí,71,Provençals del Poblenou,9391,8288,745,328,0,2,28,0.882547119582579,0.07933127462464061,0.03492705782131828,0,2.1296986476413587e-4,0.002981578106697902
2022,10,Sant Martí,72,Sant Martí de Provençals,11717,11140,508,17,0,8,44,0.9507553127933771,0.043355807800631564,0.0014508833319108988,0,6.827686267815994e-4,0.003755227447298797
2022,10,Sant Martí,73,la Verneda i la Pau,13077,12471,272,262,0,11,61,0.953659096122964,0.020799877647778544,0.020035176263669036,0,8.411715225204558e-4,0.004664678443067982
2023,1,Ciutat Vella,1,el Raval,23394,15976,5075,1809,0,219,315,0.6829101479011712,0.21693596648713345,0.07732751987689152,0,0.009361374711464478,0.013464991023339317
2023,1,Ciutat Vella,2,el Barri Gòtic,10499,6912,2985,275,0,233,94,0.6583484141346795,0.28431279169444706,0.026192970759119916,0,0.022192589770454327,0.008953233641299171
2023,1,Ciutat Vella,3,la Barceloneta,9232,7213,1556,347,0,72,44,0.7813041594454073,0.16854419410745233,0.03758665511265165,0,0.00779896013864818,0.004766031195840554
2023,1,Ciutat Vella,4,"Sant Pere, Santa Caterina i la Ribera",14626,10396,3108,905,0,115,102,0.7107890058799399,0.21249829071516477,0.06187611103514289,0,0.007862710242034733,0.006973882127717763
2023,2,L'Eixample,5,el Fort Pienc,15567,12299,2928,99,0,158,83,0.7900687351448578,0.18809019078820582,0.006359606860666795,0,0.010149675595811652,0.00533179161045802
2023,2,L'Eixample,6,la Sagrada Família,27282,23165,3870,44,0,97,106,0.8490946411553405,0.14185177039806465,0.0016127849864379445,0,0.003555457811010923,0.003885345649145957
2023,2,L'Eixample,7,la Dreta de l'Eixample,27040,19140,7210,91,0,471,128,0.7078402366863905,0.2666420118343195,0.0033653846153846156,0,0.01741863905325444,0.004733727810650888
2023,2,L'Eixample,8,l'Antiga Esquerra de l'Eixample,24359,18995,4879,30,0,275,180,0.7797939160064042,0.200295578636233,0.0012315776509708937,0,0.011289461800566525,0.007389465905825362
2023,2,L'Eixample,9,la Nova Esquerra de l'Eixample,30293,25663,4250,152,0,92,136,0.8471594097646321,0.14029643812101805,0.00501766084573994,0,0.003037005248737332,0.0044894860198725775
2023,2,L'Eixample,10,Sant Antoni,20147,16903,2798,134,0,190,122,0.8389834714845883,0.13887923760361345,0.0066511143098228025,0,0.009430684469151735,0.006055492132823745
2023,3,Sants-Montjuïc,11,el Poble-sec,19189,16310,2403,314,0,59,103,0.8499661264265985,0.12522799520558653,0.016363541612382095,0,0.0030746782010526866,0.005367658554380114
2023,3,Sants-Montjuïc,12,la Marina del Prat Vermell,901,565,83,245,0,0,8,0.6270810210876804,0.09211986681465038,0.27192008879023305,0,0,0.008879023307436182
2023,3,Sants-Montjuïc,13,la Marina de Port,13369,11804,504,969,0,33,59,0.8829381404742315,0.037699154761014285,0.07248111302266437,0,0.0024683970379235547,0.004413194704166355
2023,3,Sants-Montjuïc,14,la Font de la Guatlla,5123,4615,468,13,0,4,23,0.9008393519422213,0.09135272301385906,0.002537575639273863,0,7.807925043919579e-4,0.004489556900253757
2023,3,Sants-Montjuïc,15,Hostafrancs,8232,6992,1111,22,0,55,52,0.8493683187560739,0.1349611273080661,0.002672497570456754,0,0.006681243926141885,0.006316812439261419
2023,3,Sants-Montjuïc,16,la Bordeta,9448,8390,963,35,0,25,35,0.8880186282811177,0.10192633361558001,0.0037044877222692633,0,0.0026460626587637595,0.0037044877222692633
2023,3,Sants-Montjuïc,17,Sants - Badal,11945,10708,1067,42,0,34,94,0.8964420259522813,0.08932607785684386,0.0035161155295102553,0,0.0028463792381749685,0.007869401423189619
2023,3,Sants-Montjuïc,18,Sants,21403,18760,2437,74,0,38,94,0.8765126384151755,0.11386254263421015,0.003457459234686726,0,0.0017754520394337241,0.00439190767649395
2023,4,Les Corts,19,les Corts,23343,20574,2390,234,0,59,86,0.881377714946665,0.10238615430750118,0.010024418455211412,0,0.0025275243113567236,0.003684187979265733
2023,4,Les Corts,20,la Maternitat i Sant Ramon,11805,10541,1041,138,0,42,43,0.8929267259635748,0.08818297331639136,0.011689961880559084,0,0.0035578144853875477,0.003642524354087251
2023,4,Les Corts,21,Pedralbes,6119,4798,1128,78,0,75,40,0.7841150514789998,0.18434384703382906,0.012747180911913712,0,0.012256904722993954,0.006537015852263441
2023,5,Sarrià-Sant Gervasi,22,"Vallvidrera, el Tibidabo i les Planes",3083,2780,260,10,0,11,22,0.901719104768083,0.08433344145313007,0.003243593902043464,0,0.0035679532922478106,0.007135906584495621
2023,5,Sarrià-Sant Gervasi,23,Sarrià,12868,10844,1793,64,0,98,69,0.8427105999378303,0.13933789244637862,0.004973577867578489,0,0.007615791109729562,0.005362138638483059
2023,5,Sarrià-Sant Gervasi,24,les Tres Torres,7067,5699,1274,22,0,44,28,0.8064242252723928,0.1802745153530494,0.0031130607046837414,0,0.006226121409367483,0.0039620772605065795
2023,5,Sarrià-Sant Gervasi,25,Sant Gervasi - la Bonanova,12793,9976,2584,82,0,98,53,0.7798014539201126,0.2019854607988744,0.0064097553349488,0,0.0076604393027436875,0.004142890643320566
2023,5,Sarrià-Sant Gervasi,26,Sant Gervasi - Galvany,25648,20006,5329,7,0,177,129,0.7800218340611353,0.20777448533998752,2.729257641921397e-4,0,0.006901122894572676,0.00502963194011229
2023,5,Sarrià-Sant Gervasi,27,el Putxet i el Farró,16572,13572,2729,21,0,149,101,0.8189717595944968,0.16467535602220612,0.0012671976828385228,0,0.008991069273473328,0.006094617426985276
2023,6,Gràcia,28,Vallcarca i els Penitents,9111,7755,1078,196,0,38,44,0.851168916694106,0.11831851607946438,0.021512457468993523,0,0.004170782570519152,0.004829327186916914
2023,6,Gràcia,29,el Coll,4021,3622,318,52,0,13,16,0.9007709524993782,0.07908480477493161,0.012932106441183784,0,0.003233026610295946,0.003979109674210396
2023,6,Gràcia,30,la Salut,6975,6132,751,9,0,44,39,0.8791397849462366,0.10767025089605735,0.0012903225806451613,0,0.006308243727598566,0.005591397849462366
2023,6,Gràcia,31,la Vila de Gràcia,31775,26258,4788,84,0,297,348,0.826372934697089,0.15068450039339104,0.0026435877261998426,0,0.00934697088906373,0.010952006294256491
2023,6,Gràcia,32,el Camp d'en Grassot i Gràcia Nova,18699,16390,2199,21,0,49,40,0.8765174608267822,0.11759987165089042,0.0011230547088079577,0,0.002620460987218568,0.0021391518263008716
2023,7,Horta-Guinardó,33,el Baix Guinardó,12626,11250,1010,250,0,71,45,0.8910185331854903,0.07999366386820846,0.01980041184856645,0,0.005623316964992872,0.003564074132741961
2023,7,Horta-Guinardó,34,Can Baró,4900,4512,283,42,0,19,44,0.9208163265306123,0.057755102040816325,0.008571428571428572,0,0.0038775510204081634,0.008979591836734694
2023,7,Horta-Guinardó,35,el Guinardó,19071,16984,1848,49,0,87,103,0.8905668292171359,0.09690105395626868,0.0025693461276283364,0,0.00456190026742174,0.005400870431545278
2023,7,Horta-Guinardó,36,la Font d'en Fargues,5368,5101,225,20,0,6,16,0.9502608047690015,0.0419150521609538,0.0037257824143070045,0,0.0011177347242921013,0.0029806259314456036
2023,7,Horta-Guinardó,37,el Carmel,15551,14171,948,215,0,42,175,0.9112597260626326,0.0609607099221915,0.013825477461256511,0,0.0027007909459198765,0.011253295607999486
2023,7,Horta-Guinardó,38,la Teixonera,6034,5517,388,91,0,6,32,0.9143188597944979,0.06430228704010607,0.015081206496519721,0,9.943652635067948e-4,0.005303281405369572
2023,7,Horta-Guinardó,39,Sant Genís dels Agudells,3482,2766,609,50,0,35,22,0.7943710511200459,0.1748994830557151,0.014359563469270534,0,0.010051694428489374,0.006318207926479035
2023,7,Horta-Guinardó,40,Montbau,2562,2474,41,7,0,35,5,0.9656518345042935,0.01600312256049961,0.00273224043715847,0,0.01366120218579235,0.00195160031225605
2023,7,Horta-Guinardó,41,la Vall d'Hebron,2657,2459,84,96,0,16,2,0.9254798645088446,0.0316146029356417,0.036130974783590515,0,0.0060218291305984195,7.527286413248024e-4
2023,7,Horta-Guinardó,42,la Clota,417,327,61,23,0,5,1,0.7841726618705036,0.14628297362110312,0.05515587529976019,0,0.011990407673860911,0.002398081534772182
2023,7,Horta-Guinardó,43,Horta,13584,12419,929,140,0,27,69,0.9142373380447585,0.06838928150765607,0.010306242638398116,0,0.001987632508833922,0.0050795053003533566
2023,8,Nou Barris,44,Vilapicina i la Torre Llobeta,12344,11523,725,10,0,46,40,0.9334899546338302,0.05873298768632534,8.101101749837978e-4,0,0.0037265068049254697,0.0032404406999351912
2023,8,Nou Barris,45,Porta,11524,10272,834,342,0,4,72,0.8913571676501215,0.07237070461645262,0.02967719541825755,0,3.471017007983339e-4,0.006247830614370011
2023,8,Nou Barris,46,el Turó de la Peira,7066,5564,1249,214,0,22,17,0.787432776677045,0.17676195867534672,0.030285876026040194,0,0.0031135012737050667,0.002405887347863006
2023,8,Nou Barris,47,Can Peguera,1047,212,100,734,0,1,0,0.20248328557784145,0.09551098376313276,0.7010506208213945,0,9.551098376313276e-4,0
2023,8,Nou Barris,48,la Guineueta,6801,6010,736,32,0,9,14,0.883693574474342,0.10821937950301426,0.004705190413174533,0,0.0013233348037053375,0.0020585208057638583
2023,8,Nou Barris,49,Canyelles,2920,2830,16,47,0,4,23,0.9691780821917808,0.005479452054794521,0.016095890410958904,0,0.0013698630136986301,0.007876712328767124
2023,8,Nou Barris,50,les Roquetes,7138,6448,488,128,0,21,53,0.9033342673017652,0.06836648921266461,0.017932193891846457,0,0.002942000560381059,0.007425049033342673
2023,8,Nou Barris,51,Verdun,5943,5425,255,221,0,13,29,0.9128386336866903,0.042907622412922765,0.03718660609119973,0,0.002187447417129396,0.0048796903920578834
2023,8,Nou Barris,52,la Prosperitat,12218,11387,486,234,0,33,78,0.9319855950237355,0.03977737763954821,0.019152070715338025,0,0.0027009330495989525,0.006384023571779342
2023,8,Nou Barris,53,la Trinitat Nova,3468,2866,122,458,0,8,14,0.8264129181084199,0.03517877739331027,0.13206459054209918,0,0.002306805074971165,0.004036908881199538
2023,8,Nou Barris,54,Torre Baró,1700,1125,59,469,0,7,40,0.6617647058823529,0.03470588235294118,0.27588235294117647,0,0.00411764705882353,0.023529411764705882
2023,8,Nou Barris,55,Ciutat Meridiana,3958,3356,383,139,0,46,34,0.8479029813036887,0.09676604345629106,0.03511874684183931,0,0.011622031328954016,0.008590197069226882
2023,8,Nou Barris,56,Vallbona,842,584,32,215,0,1,10,0.6935866983372921,0.03800475059382423,0.25534441805225655,0,0.0011876484560570072,0.011876484560570071
2023,9,Sant Andreu,57,la Trinitat Vella,4197,3577,431,128,0,22,39,0.8522754348344055,0.1026923993328568,0.030497974743864665,0,0.005241839409101739,0.009292351679771264
2023,9,Sant Andreu,58,Baró de Viver,1112,850,18,240,0,1,3,0.7643884892086331,0.01618705035971223,0.2158273381294964,0,8.992805755395684e-4,0.002697841726618705
2023,9,Sant Andreu,59,el Bon Pastor,5408,4362,321,699,0,9,17,0.8065828402366864,0.05935650887573964,0.12925295857988164,0,0.0016642011834319527,0.003143491124260355
2023,9,Sant Andreu,60,Sant Andreu,29527,26840,1528,946,0,144,69,0.9089985437057608,0.0517492464523995,0.032038473261760424,0,0.004876892335828225,0.0023368442442510246
2023,9,Sant Andreu,61,la Sagrera,13770,11204,2452,60,0,21,33,0.8136528685548293,0.17806826434277415,0.004357298474945534,0,0.0015250544662309367,0.0023965141612200436
2023,9,Sant Andreu,62,el Congrés i els Indians,7109,6464,586,2,0,18,39,0.909269939513293,0.08243072162048108,2.813335208890139e-4,0,0.002532001688001125,0.0054860036573357715
2023,9,Sant Andreu,63,Navas,10401,9466,710,162,0,35,28,0.9101047976156139,0.06826266705124508,0.015575425439861552,0,0.0033650610518219403,0.0026920488414575523
2023,10,Sant Martí,64,el Camp de l'Arpa del Clot,20182,17833,2098,52,0,72,127,0.8836091566742642,0.10395401843226637,0.0025765533643841046,0,0.00356753542760876,0.006292736101476563
2023,10,Sant Martí,65,el Clot,12584,11008,1331,105,0,100,40,0.8747616020343293,0.10576923076923077,0.008343928798474252,0,0.007946598855689765,0.003178639542275906
2023,10,Sant Martí,66,el Parc i la Llacuna del Poblenou,7787,6601,792,297,0,73,24,0.8476948760755104,0.10170797482984462,0.03814049056119173,0,0.009374598690124566,0.0030820598433286247
2023,10,Sant Martí,67,la Vila Olímpica del Poblenou,4723,4151,470,70,0,18,14,0.8788905356764768,0.0995130213847131,0.01482108829134025,0,0.0038111369892017783,0.0029642176582680498
2023,10,Sant Martí,68,el Poblenou,17118,14820,1881,247,0,82,88,0.8657553452506134,0.10988433228180862,0.01442925575417689,0,0.004790279238228765,0.005140787475172333
2023,10,Sant Martí,69,Diagonal Mar i el Front Marítim del Poblenou,6330,5467,657,183,0,5,18,0.8636650868878357,0.1037914691943128,0.02890995260663507,0,7.898894154818325e-4,0.002843601895734597
2023,10,Sant Martí,70,el Besòs i el Maresme,10057,8850,747,369,0,39,52,0.8799840906831063,0.0742766232474893,0.03669086208610918,0,0.0038778959928408075,0.00517052799045441
2023,10,Sant Martí,71,Provençals del Poblenou,9394,8296,715,332,0,31,20,0.8831168831168831,0.07611241217798595,0.03534170747285501,0,0.0032999787098147754,0.0021290185224611454
2023,10,Sant Martí,72,Sant Martí de Provençals,11816,11140,609,17,0,17,33,0.9427894380501015,0.05154028436018957,0.0014387271496276235,0,0.0014387271496276235,0.0027928232904536224
2023,10,Sant Martí,73,la Verneda i la Pau,13614,12505,767,282,0,18,42,0.9185397385044807,0.056339062729543116,0.020713970912296167,0,0.0013221683561040105,0.003085059497576025
2024,1,Ciutat Vella,1,el Raval,23543,15923,5259,1832,0,220,309,0.6763369154313384,0.2233784989168755,0.07781506180180946,0,0.009344603491483668,0.01312492035849297
2024,1,Ciutat Vella,2,el Barri Gòtic,10521,6901,3031,275,0,234,80,0.65592624275259,0.2880904856952761,0.026138199790894403,0,0.022241231822070145,0.007603839939169281
2024,1,Ciutat Vella,3,la Barceloneta,9245,7178,1600,347,0,71,49,0.776419686316928,0.17306652244456464,0.037533802055164954,0,0.0076798269334775555,0.005300162249864792
2024,1,Ciutat Vella,4,"Sant Pere, Santa Caterina i la Ribera",14614,10335,3174,907,0,114,84,0.707198576707267,0.21718899685233337,0.06206377446284385,0,0.007800739017380594,0.005747912960175175
2024,2,L'Eixample,5,el Fort Pienc,15605,12301,2978,94,0,157,75,0.7882729894264658,0.19083627042614545,0.0060237103492470365,0,0.010060877923742391,0.004806151874399231
2024,2,L'Eixample,6,la Sagrada Família,27347,23102,4000,45,0,100,100,0.8447727355834278,0.14626832925000915,0.0016455187040626028,0,0.0036567082312502284,0.0036567082312502284
2024,2,L'Eixample,7,la Dreta de l'Eixample,27121,19113,7373,90,0,448,97,0.7047306515246488,0.2718557575310645,0.003318461708639062,0,0.01651856494967,0.0035765642859776556
2024,2,L'Eixample,8,l'Antiga Esquerra de l'Eixample,24391,19052,4904,30,0,272,133,0.7811077856586446,0.2010577672092165,0.0012299618711819934,0,0.01115165429871674,0.005452830962240171
2024,2,L'Eixample,9,la Nova Esquerra de l'Eixample,30322,25695,4241,163,0,93,130,0.8474045247674955,0.13986544423191083,0.005375634852582283,0,0.003067080007915045,0.004287316140096299
2024,2,L'Eixample,10,Sant Antoni,20159,16870,2848,149,0,176,116,0.8368470658266779,0.14127684905005208,0.007391239644823652,0,0.008730591795227938,0.005754253683218413
2024,3,Sants-Montjuïc,11,el Poble-sec,19210,16324,2424,315,0,54,93,0.8497657470067673,0.12618427902134305,0.01639770952628839,0,0.0028110359187922956,0.004841228526808954
2024,3,Sants-Montjuïc,12,la Marina del Prat Vermell,1222,644,145,425,0,0,8,0.5270049099836334,0.11865793780687398,0.34779050736497547,0,0,0.006546644844517185
2024,3,Sants-Montjuïc,13,la Marina de Port,13375,11831,482,970,0,31,61,0.8845607476635514,0.0360373831775701,0.0725233644859813,0,0.0023177570093457943,0.004560747663551402
2024,3,Sants-Montjuïc,14,la Font de la Guatlla,5120,4616,467,8,0,4,25,0.9015625,0.0912109375,0.0015625,0,7.8125e-4,0.0048828125
2024,3,Sants-Montjuïc,15,Hostafrancs,8247,6973,1139,35,0,56,44,0.8455195828786225,0.13811082817994422,0.004243967503334546,0,0.006790348005335274,0.005335273432763429
2024,3,Sants-Montjuïc,16,la Bordeta,9503,8438,946,59,0,28,32,0.8879301273282122,0.09954751131221719,0.0062085657160896555,0,0.002946437966957803,0.003367357676523203
2024,3,Sants-Montjuïc,17,Sants - Badal,12000,10766,1067,43,0,37,87,0.8971666666666667,0.08891666666666667,0.0035833333333333333,0,0.0030833333333333333,0.00725
2024,3,Sants-Montjuïc,18,Sants,21444,18786,2457,74,0,47,80,0.8760492445439284,0.11457750419697818,0.003450848722253311,0,0.002191755269539265,0.003730647267300877
2024,4,Les Corts,19,les Corts,23357,20599,2387,234,0,61,76,0.8819197670933767,0.1021963437085242,0.01001840989853149,0,0.002611636768420602,0.0032538425311469795
2024,4,Les Corts,20,la Maternitat i Sant Ramon,11815,10560,1029,140,0,49,37,0.8937790943715616,0.08709267879813797,0.01184934405416843,0,0.004147270418958951,0.003131612357173085
2024,4,Les Corts,21,Pedralbes,6129,4836,1117,78,0,69,29,0.7890357317670093,0.18224832762277696,0.012726382770435633,0,0.011257953989231522,0.004731603850546582
2024,5,Sarrià-Sant Gervasi,22,"Vallvidrera, el Tibidabo i les Planes",3072,2780,256,4,0,11,21,0.9049479166666666,0.08333333333333333,0.0013020833333333333,0,0.0035807291666666665,0.0068359375
2024,5,Sarrià-Sant Gervasi,23,Sarrià,12911,10819,1875,64,0,98,55,0.837967624506235,0.14522500193633336,0.0049570133994268455,0,0.007590426767872357,0.004259933390132445
2024,5,Sarrià-Sant Gervasi,24,les Tres Torres,7079,5676,1301,31,0,45,26,0.8018081649950558,0.1837830202005933,0.004379149597400763,0,0.0063568300607430425,0.0036728351462070913
2024,5,Sarrià-Sant Gervasi,25,Sant Gervasi - la Bonanova,12832,9989,2613,82,0,98,50,0.7784445137157108,0.20363154613466333,0.006390274314214464,0,0.00763715710723192,0.0038965087281795513
2024,5,Sarrià-Sant Gervasi,26,Sant Gervasi - Galvany,25704,19981,5421,9,0,185,108,0.777349828820417,0.21090102707749767,3.5014005602240897e-4,0,0.007197323373793962,0.004201680672268907
2024,5,Sarrià-Sant Gervasi,27,el Putxet i el Farró,16590,13579,2756,21,0,150,84,0.8185051235684148,0.16612417118746234,0.0012658227848101266,0,0.009041591320072333,0.005063291139240506
2024,6,Gràcia,28,Vallcarca i els Penitents,9181,7765,1137,197,0,42,40,0.8457684348110228,0.12384271865809825,0.021457357586319573,0,0.004574665069164579,0.0043568238753948375
2024,6,Gràcia,29,el Coll,4028,3628,318,52,0,14,16,0.900695134061569,0.07894736842105263,0.012909632571996028,0,0.003475670307845084,0.003972194637537239
2024,6,Gràcia,30,la Salut,6999,6145,764,9,0,43,38,0.8779825689384197,0.10915845120731534,0.0012858979854264896,0,0.006143734819259894,0.005429347049578512
2024,6,Gràcia,31,la Vila de Gràcia,31797,26279,4876,84,0,303,255,0.8264616158757115,0.15334780010692833,0.002641758656477026,0,0.009529200868006417,0.008019624492876687
2024,6,Gràcia,32,el Camp d'en Grassot i Gràcia Nova,18739,16357,2278,21,0,42,41,0.8728854261166551,0.12156465126207375,0.0011206574523720584,0,0.0022413149047441168,0.002187950264154971
2024,7,Horta-Guinardó,33,el Baix Guinardó,12626,11279,978,250,0,77,42,0.893315380959924,0.07745921115159195,0.01980041184856645,0,0.006098526849358466,0.003326469190559164
2024,7,Horta-Guinardó,34,Can Baró,4913,4534,272,46,0,20,41,0.9228577244046408,0.05536332179930796,0.009362914716059434,0,0.004070832485243233,0.008345206594748626
2024,7,Horta-Guinardó,35,el Guinardó,19211,17048,1926,49,0,87,101,0.8874082556868461,0.10025506220394566,0.0025506220394565615,0,0.004528655457810629,0.005257404611941075
2024,7,Horta-Guinardó,36,la Font d'en Fargues,5353,5080,235,20,0,6,12,0.9490005604334019,0.04390061647674201,0.0037362226788716607,0,0.0011208668036614981,0.0022417336073229962
2024,7,Horta-Guinardó,37,el Carmel,15565,14272,934,234,0,43,82,0.9169290073883714,0.06000642467073562,0.01503372952136203,0,0.0027626084163186637,0.005268230003212335
2024,7,Horta-Guinardó,38,la Teixonera,6048,5541,380,98,0,5,24,0.9161706349206349,0.06283068783068783,0.016203703703703703,0,8.267195767195767e-4,0.003968253968253968
2024,7,Horta-Guinardó,39,Sant Genís dels Agudells,3479,2775,601,50,0,34,19,0.7976430008623168,0.17275079045702788,0.014371945961483185,0,0.009772923253808566,0.0054613394653636104
2024,7,Horta-Guinardó,40,Montbau,2563,2478,38,7,0,35,5,0.9668357393679282,0.0148263753413968,0.0027311744049941474,0,0.013655872024970737,0.0019508388607101053
2024,7,Horta-Guinardó,41,la Vall d'Hebron,2657,2459,83,96,0,17,2,0.9254798645088446,0.0312382386149793,0.036130974783590515,0,0.00639819345126082,7.527286413248024e-4
2024,7,Horta-Guinardó,42,la Clota,522,394,81,41,0,5,1,0.7547892720306514,0.15517241379310345,0.07854406130268199,0,0.009578544061302681,0.0019157088122605363
2024,7,Horta-Guinardó,43,Horta,13609,12462,923,140,0,27,57,0.9157175398633257,0.06782276434712323,0.010287309868469395,0,0.0019839811889190975,0.0041884047321625395
2024,8,Nou Barris,44,Vilapicina i la Torre Llobeta,12368,11520,750,15,0,46,37,0.9314359637774903,0.06064036222509703,0.0012128072445019404,0,0.003719275549805951,0.0029915912031047865
2024,8,Nou Barris,45,Porta,11558,10248,875,390,0,4,41,0.8866585914518083,0.07570513929745631,0.03374286208686624,0,3.460806367883717e-4,0.00354732652708081
2024,8,Nou Barris,46,el Turó de la Peira,7068,5587,1219,219,0,26,17,0.7904640633842671,0.17246745897000565,0.03098471986417657,0,0.0036785512167515563,0.0024052065647990947
2024,8,Nou Barris,47,Can Peguera,1047,212,100,734,0,1,0,0.20248328557784145,0.09551098376313276,0.7010506208213945,0,9.551098376313276e-4,0
2024,8,Nou Barris,48,la Guineueta,6801,6010,739,32,0,7,13,0.883693574474342,0.10866049110424937,0.004705190413174533,0,0.0010292604028819291,0.001911483605352154
2024,8,Nou Barris,49,Canyelles,2922,2833,17,47,0,4,21,0.9695414099931554,0.005817932922655715,0.016084873374401096,0,0.0013689253935660506,0.007186858316221766
2024,8,Nou Barris,50,les Roquetes,7139,6448,485,136,0,20,50,0.9032077321753748,0.06793668581033759,0.019050287155063735,0,0.0028015128169211374,0.007003782042302844
2024,8,Nou Barris,51,Verdun,5958,5442,259,222,0,15,20,0.9133937562940584,0.04347096341054045,0.03726082578046324,0,0.0025176233635448137,0.003356831151393085
2024,8,Nou Barris,52,la Prosperitat,12237,11416,497,216,0,33,75,0.9329083925798807,0.04061452970499305,0.017651385143417506,0,0.0026967393969110076,0.006128953174797744
2024,8,Nou Barris,53,la Trinitat Nova,3471,2871,116,464,0,8,12,0.8271391529818496,0.033419763756842406,0.13367905502736963,0,0.0023048112935753384,0.003457216940363008
2024,8,Nou Barris,54,Torre Baró,1737,1129,60,505,0,7,36,0.6499712147380541,0.03454231433506045,0.29073114565342545,0,0.004029936672423719,0.02072538860103627
2024,8,Nou Barris,55,Ciutat Meridiana,3959,3379,354,148,0,47,31,0.8534983581712554,0.08941651932306138,0.037383177570093455,0,0.01187168476888103,0.007830260166708765
2024,8,Nou Barris,56,Vallbona,842,584,32,215,0,1,10,0.6935866983372921,0.03800475059382423,0.25534441805225655,0,0.0011876484560570072,0.011876484560570071
2024,9,Sant Andreu,57,la Trinitat Vella,4372,3628,420,267,0,24,33,0.8298261665141812,0.09606587374199452,0.0610704483074108,0,0.0054894784995425435,0.007548032936870997
2024,9,Sant Andreu,58,Baró de Viver,1112,850,18,240,0,1,3,0.7643884892086331,0.01618705035971223,0.2158273381294964,0,8.992805755395684e-4,0.002697841726618705
2024,9,Sant Andreu,59,el Bon Pastor,5463,4373,318,749,0,8,15,0.8004759289767527,0.058209774848984076,0.13710415522606625,0,0.0014643968515467693,0.0027457440966501922
2024,9,Sant Andreu,60,Sant Andreu,29613,26840,1604,955,0,154,60,0.9063586938169047,0.05416540033093574,0.03224934994765812,0,0.005200418735015027,0.002026137169486374
2024,9,Sant Andreu,61,la Sagrera,13811,11259,2439,60,0,22,31,0.8152197523712983,0.1765983636231989,0.004344363188762581,0,0.0015929331692129461,0.002244587647527333
2024,9,Sant Andreu,62,el Congrés i els Indians,7117,6468,593,2,0,19,35,0.9088098918083463,0.08332162427989322,2.810172825628776e-4,0,0.0026696641843473373,0.004917802444850359
2024,9,Sant Andreu,63,Navas,10445,9482,737,162,0,34,30,0.9078027764480613,0.07056007659167066,0.015509813307802777,0,0.0032551460028721877,0.0028721876495931067
2024,10,Sant Martí,64,el Camp de l'Arpa del Clot,20187,17881,2078,42,0,74,112,0.8857680685589736,0.10293753405657106,0.0020805468866101945,0,0.003665725466884629,0.005548125030960519
2024,10,Sant Martí,65,el Clot,12618,11032,1333,105,0,112,36,0.8743065462038357,0.1056427326042162,0.008321445553970519,0,0.008876208590901886,0.0028530670470756064
2024,10,Sant Martí,66,el Parc i la Llacuna del Poblenou,7864,6687,796,295,0,64,22,0.8503306205493387,0.10122075279755849,0.03751271617497457,0,0.008138351983723296,0.002797558494404883
2024,10,Sant Martí,67,la Vila Olímpica del Poblenou,4723,4195,428,70,0,18,12,0.8882066483167478,0.09062036840990896,0.01482108829134025,0,0.0038111369892017783,0.0025407579928011857
2024,10,Sant Martí,68,el Poblenou,17184,14874,1917,247,0,82,64,0.865572625698324,0.11155726256983241,0.014373836126629423,0,0.004771880819366853,0.0037243947858473
2024,10,Sant Martí,69,Diagonal Mar i el Front Marítim del Poblenou,6340,5518,618,183,0,5,16,0.8703470031545741,0.0974763406940063,0.02886435331230284,0,7.886435331230284e-4,0.002523659305993691
2024,10,Sant Martí,70,el Besòs i el Maresme,10060,8886,722,365,0,38,49,0.883300198807157,0.07176938369781312,0.03628230616302187,0,0.0037773359840954273,0.004870775347912525
2024,10,Sant Martí,71,Provençals del Poblenou,9410,8294,739,332,0,27,18,0.8814027630180659,0.07853347502656748,0.03528161530286929,0,0.002869287991498406,0.0019128586609989374
2024,10,Sant Martí,72,Sant Martí de Provençals,11820,11156,601,18,0,17,28,0.943824027072758,0.05084602368866328,0.0015228426395939086,0,0.0014382402707275805,0.0023688663282571912
2024,10,Sant Martí,73,la Verneda i la Pau,13610,12523,748,282,0,19,38,0.9201322556943424,0.054959588537839825,0.020720058780308595,0,0.0013960323291697281,0.0027920646583394562
