Any,Codi_Barri,pob_regio_rica,Nom_Barri,poblacio_total,pct_regio_rica
2015,1,2310,el Raval,46843,0.049313664795166835
2015,2,1815,el Barri Gòtic,15333,0.11837213852475054
2015,3,1103,la Barceloneta,14944,0.07380888650963598
2015,4,2447,"Sant Pere, Santa Caterina i la Ribera",22324,0.10961297258555815
2015,5,1179,el Fort Pienc,31473,0.037460680583357164
2015,6,1360,la Sagrada Família,51013,0.026659871013271125
2015,7,2655,la Dreta de l'Eixample,43156,0.06152099360459728
2015,8,2017,l'Antiga Esquerra de l'Eixample,41483,0.048622327218378614
2015,9,1592,la Nova Esquerra de l'Eixample,57523,0.02767588616727222
2015,10,1395,Sant Antoni,37921,0.03678700456211598
2015,11,1610,el Poble-sec,40119,0.040130611430992794
2015,12,12,la Marina del Prat Vermell,946,0.012684989429175475
2015,13,229,la Marina de Port,30160,0.0075928381962864725
2015,14,281,la Font de la Guatlla,10356,0.027134028582464272
2015,15,426,Hostafrancs,15723,0.027094066017935507
2015,16,259,la Bordeta,18353,0.01411213425597995
2015,17,353,Sants - Badal,23978,0.014721828342647427
2015,18,923,Sants,40560,0.022756410256410255
2015,19,931,les Corts,45659,0.02039028450031757
2015,20,411,la Maternitat i Sant Ramon,23731,0.01731911845265686
2015,21,700,Pedralbes,11620,0.060240963855421686
2015,22,299,"Vallvidrera, el Tibidabo i les Planes",4445,0.06726659167604049
2015,23,1310,Sarrià,24470,0.05353494074376788
2015,24,787,les Tres Torres,16407,0.04796733101724873
2015,25,846,Sant Gervasi - la Bonanova,25260,0.0334916864608076
2015,26,1788,Sant Gervasi - Galvany,46557,0.038404536374766415
2015,27,1047,el Putxet i el Farró,28968,0.036143330571665286
2015,28,536,Vallcarca i els Penitents,15379,0.03485272124325379
2015,29,212,el Coll,7332,0.028914348063284235
2015,30,380,la Salut,13184,0.028822815533980584
2015,31,2673,la Vila de Gràcia,50172,0.053276728055489116
2015,32,986,el Camp d'en Grassot i Gràcia Nova,33842,0.029135393889250044
2015,33,477,el Baix Guinardó,25423,0.018762537859418636
2015,34,182,Can Baró,8793,0.020698282724894802
2015,35,660,el Guinardó,35659,0.018508651392355364
2015,36,147,la Font d'en Fargues,9336,0.015745501285347043
2015,37,318,el Carmel,31362,0.010139659460493592
2015,38,116,la Teixonera,11340,0.010229276895943563
2015,39,78,Sant Genís dels Agudells,6699,0.011643528884908196
2015,40,49,Montbau,5012,0.009776536312849162
2015,41,52,la Vall d'Hebron,5443,0.009553555024802499
2015,42,0,la Clota,246,0
2015,43,305,Horta,26417,0.011545595639171746
2015,44,239,Vilapicina i la Torre Llobeta,25256,0.009463097877732024
2015,45,214,Porta,24229,0.008832390936481076
2015,46,115,el Turó de la Peira,15286,0.007523223864974487
2015,47,5,Can Peguera,2239,0.0022331397945511387
2015,48,112,la Guineueta,15069,0.007432477271219059
2015,49,33,Canyelles,6938,0.004756413952147593
2015,50,100,les Roquetes,15342,0.0065180550123843045
2015,51,89,Verdun,12171,0.0073124640538986116
2015,52,198,la Prosperitat,25897,0.007645673244005097
2015,53,56,la Trinitat Nova,7314,0.0076565490839485915
2015,54,7,Torre Baró,2695,0.0025974025974025974
2015,55,45,Ciutat Meridiana,10218,0.004403992953611274
2015,56,11,Vallbona,1202,0.009151414309484194
2015,57,69,la Trinitat Vella,10039,0.006873194541288973
2015,58,14,Baró de Viver,2448,0.005718954248366013
2015,59,87,el Bon Pastor,12486,0.006967803940413263
2015,60,552,Sant Andreu,56321,0.009800962340867527
2015,61,293,la Sagrera,28796,0.010175024308931796
2015,62,168,el Congrés i els Indians,13995,0.012004287245444802
2015,63,257,Navas,21922,0.011723382903019797
2015,64,756,el Camp de l'Arpa del Clot,38102,0.01984147813763057
2015,65,474,el Clot,26870,0.017640491254186826
2015,66,609,el Parc i la Llacuna del Poblenou,14646,0.04158131913150348
2015,67,572,la Vila Olímpica del Poblenou,9231,0.0619651175387282
2015,68,1418,el Poblenou,33358,0.04250854367767852
2015,69,543,Diagonal Mar i el Front Marítim del Poblenou,13230,0.041043083900226755
2015,70,191,el Besòs i el Maresme,22698,0.008414838311745528
2015,71,362,Provençals del Poblenou,20074,0.018033276875560427
2015,72,204,Sant Martí de Provençals,25881,0.00788223020748812
2015,73,213,la Verneda i la Pau,28619,0.007442608057584122
2016,1,2437,el Raval,46871,0.05199377013505153
2016,2,1896,el Barri Gòtic,15560,0.12185089974293059
2016,3,1154,la Barceloneta,14954,0.0771699879630868
2016,4,2448,"Sant Pere, Santa Caterina i la Ribera",22269,0.10992860029637613
2016,5,1243,el Fort Pienc,31637,0.03928943958023833
2016,6,1413,la Sagrada Família,51260,0.02756535310183379
2016,7,2771,la Dreta de l'Eixample,43282,0.06402199528672427
2016,8,2051,l'Antiga Esquerra de l'Eixample,41718,0.04916343065343497
2016,9,1605,la Nova Esquerra de l'Eixample,57559,0.027884431626678714
2016,10,1427,Sant Antoni,38129,0.037425581578326206
2016,11,1694,el Poble-sec,40023,0.04232566274392224
2016,12,13,la Marina del Prat Vermell,966,0.013457556935817806
2016,13,243,la Marina de Port,30302,0.00801927265527028
2016,14,256,la Font de la Guatlla,10305,0.024842309558466762
2016,15,444,Hostafrancs,15886,0.02794913760543875
2016,16,274,la Bordeta,18470,0.014834867352463454
2016,17,395,Sants - Badal,23903,0.01652512236957704
2016,18,909,Sants,40699,0.022334701098307083
2016,19,930,les Corts,45677,0.020360356415701556
2016,20,397,la Maternitat i Sant Ramon,23792,0.016686281102891727
2016,21,729,Pedralbes,11779,0.061889803888275745
2016,22,297,"Vallvidrera, el Tibidabo i les Planes",4486,0.06620597414177441
2016,23,1279,Sarrià,24651,0.05188430489635309
2016,24,574,les Tres Torres,16388,0.03502562850866488
2016,25,862,Sant Gervasi - la Bonanova,25668,0.03358267103007636
2016,26,1861,Sant Gervasi - Galvany,47014,0.03958395371591441
2016,27,1069,el Putxet i el Farró,29261,0.036533269539660296
2016,28,547,Vallcarca i els Penitents,15491,0.0353108256406946
2016,29,208,el Coll,7361,0.0282570302947969
2016,30,351,la Salut,13075,0.02684512428298279
2016,31,2835,la Vila de Gràcia,50388,0.05626339604667778
2016,32,1023,el Camp d'en Grassot i Gràcia Nova,34191,0.029920154426603493
2016,33,482,el Baix Guinardó,25524,0.018884187431437077
2016,34,181,Can Baró,8945,0.02023476802683063
2016,35,671,el Guinardó,36047,0.018614586512053707
2016,36,144,la Font d'en Fargues,9348,0.01540436456996149
2016,37,315,el Carmel,31296,0.010065184049079754
2016,38,109,la Teixonera,11267,0.00967426999201207
2016,39,96,Sant Genís dels Agudells,6673,0.014386332983665517
2016,40,51,Montbau,5029,0.010141181149333864
2016,41,60,la Vall d'Hebron,5661,0.010598834128245893
2016,42,0,la Clota,310,0
2016,43,297,Horta,26544,0.011188969258589511
2016,44,243,Vilapicina i la Torre Llobeta,25364,0.009580507806339693
2016,45,225,Porta,24505,0.009181799632728015
2016,46,111,el Turó de la Peira,15297,0.007256324769562659
2016,47,5,Can Peguera,2211,0.002261420171867933
2016,48,111,la Guineueta,15020,0.0073901464713715045
2016,49,34,Canyelles,6919,0.004914004914004914
2016,50,102,les Roquetes,15350,0.006644951140065147
2016,51,100,Verdun,12202,0.008195377806916898
2016,52,214,la Prosperitat,26101,0.008198919581625224
2016,53,47,la Trinitat Nova,7233,0.00649799529932255
2016,54,7,Torre Baró,2754,0.002541757443718228
2016,55,46,Ciutat Meridiana,10022,0.004589902215126721
2016,56,0,Vallbona,1217,0
2016,57,58,la Trinitat Vella,10025,0.005785536159600997
2016,58,12,Baró de Viver,2477,0.004844570044408559
2016,59,88,el Bon Pastor,12501,0.007039436845052396
2016,60,529,Sant Andreu,56530,0.00935786308154962
2016,61,323,la Sagrera,28713,0.011249259917110717
2016,62,160,el Congrés i els Indians,14004,0.011425307055127107
2016,63,267,Navas,22069,0.012098418596220944
2016,64,800,el Camp de l'Arpa del Clot,38055,0.0210222047037183
2016,65,511,el Clot,26866,0.019020323084940075
2016,66,631,el Parc i la Llacuna del Poblenou,14783,0.04268416424271122
2016,67,549,la Vila Olímpica del Poblenou,9255,0.0593192868719611
2016,68,1475,el Poblenou,33538,0.04397996302701413
2016,69,525,Diagonal Mar i el Front Marítim del Poblenou,13291,0.039500413813859
2016,70,193,el Besòs i el Maresme,22627,0.008529632739647325
2016,71,378,Provençals del Poblenou,20296,0.018624359479700432
2016,72,291,Sant Martí de Provençals,25940,0.011218195836545874
2016,73,226,la Verneda i la Pau,28582,0.007907074382478483
2017,1,2566,el Raval,47561,0.05395176720422195
2017,2,1967,el Barri Gòtic,16085,0.12228784581908611
2017,3,1245,la Barceloneta,14990,0.08305537024683123
2017,4,2594,"Sant Pere, Santa Caterina i la Ribera",22824,0.11365229582895198
2017,5,1320,el Fort Pienc,32082,0.041144567046942214
2017,6,1507,la Sagrada Família,51570,0.029222416133410898
2017,7,2982,la Dreta de l'Eixample,43855,0.06799680766161213
2017,8,2174,l'Antiga Esquerra de l'Eixample,42275,0.051425192193968065
2017,9,1687,la Nova Esquerra de l'Eixample,58184,0.02899422521655438
2017,10,1543,Sant Antoni,38387,0.04019589965352854
2017,11,1788,el Poble-sec,40267,0.04440360593041448
2017,12,13,la Marina del Prat Vermell,982,0.013238289205702648
2017,13,249,la Marina de Port,30527,0.008156713728830216
2017,14,268,la Font de la Guatlla,10401,0.025766753196808
2017,15,488,Hostafrancs,15901,0.030689893717376265
2017,16,274,la Bordeta,18519,0.014795615314001836
2017,17,390,Sants - Badal,24017,0.016238497730774036
2017,18,979,Sants,41101,0.023819371791440596
2017,19,994,les Corts,45806,0.021700213945771298
2017,20,439,la Maternitat i Sant Ramon,23901,0.018367432325007323
2017,21,783,Pedralbes,12036,0.06505483549351944
2017,22,313,"Vallvidrera, el Tibidabo i les Planes",4548,0.06882145998240985
2017,23,1347,Sarrià,24926,0.054039958276498434
2017,24,633,les Tres Torres,16602,0.038127936393205636
2017,25,899,Sant Gervasi - la Bonanova,25789,0.03485982395595021
2017,26,2061,Sant Gervasi - Galvany,47699,0.043208453007400574
2017,27,1075,el Putxet i el Farró,29461,0.03648891755201792
2017,28,565,Vallcarca i els Penitents,15672,0.036051556916794285
2017,29,223,el Coll,7394,0.03015958885582905
2017,30,347,la Salut,13150,0.026387832699619772
2017,31,3061,la Vila de Gràcia,50616,0.06047494863284337
2017,32,1055,el Camp d'en Grassot i Gràcia Nova,34334,0.030727558688180813
2017,33,495,el Baix Guinardó,25673,0.019280956647061115
2017,34,209,Can Baró,9003,0.0232144840608686
2017,35,704,el Guinardó,36407,0.019336940698217377
2017,36,145,la Font d'en Fargues,9341,0.015522963280162724
2017,37,335,el Carmel,31509,0.010631882954076613
2017,38,114,la Teixonera,11618,0.009812360130831468
2017,39,118,Sant Genís dels Agudells,6808,0.017332549941245595
2017,40,45,Montbau,5095,0.008832188420019628
2017,41,55,la Vall d'Hebron,5767,0.009537020981446159
2017,42,0,la Clota,333,0
2017,43,304,Horta,26685,0.011392167884579352
2017,44,245,Vilapicina i la Torre Llobeta,25455,0.009624828128069142
2017,45,238,Porta,24979,0.009528003522959285
2017,46,124,el Turó de la Peira,15428,0.008037334716100596
2017,47,7,Can Peguera,2227,0.003143242029636282
2017,48,120,la Guineueta,15201,0.00789421748569173
2017,49,33,Canyelles,6851,0.00481681506349438
2017,50,97,les Roquetes,15571,0.006229529253098709
2017,51,94,Verdun,12300,0.007642276422764228
2017,52,223,la Prosperitat,26329,0.008469748186410423
2017,53,42,la Trinitat Nova,7250,0.005793103448275862
2017,54,7,Torre Baró,2821,0.0024813895781637717
2017,55,47,Ciutat Meridiana,10337,0.004546773725452259
2017,56,0,Vallbona,1215,0
2017,57,64,la Trinitat Vella,9978,0.006414111044297455
2017,58,14,Baró de Viver,2509,0.005579912315663611
2017,59,82,el Bon Pastor,12492,0.006564201088696766
2017,60,547,Sant Andreu,57082,0.009582705581444239
2017,61,322,la Sagrera,29026,0.011093502377179081
2017,62,181,el Congrés i els Indians,14105,0.01283232896136122
2017,63,290,Navas,22128,0.013105567606652206
2017,64,859,el Camp de l'Arpa del Clot,38183,0.02249692271429694
2017,65,527,el Clot,27029,0.019497576676902585
2017,66,690,el Parc i la Llacuna del Poblenou,15139,0.045577647136534775
2017,67,549,la Vila Olímpica del Poblenou,9309,0.05897518530454399
2017,68,1581,el Poblenou,33845,0.046712956123504214
2017,69,554,Diagonal Mar i el Front Marítim del Poblenou,13541,0.04091278339856731
2017,70,210,el Besòs i el Maresme,22911,0.00916590284142988
2017,71,405,Provençals del Poblenou,20438,0.019816028965652217
2017,72,373,Sant Martí de Provençals,26092,0.014295569523225509
2017,73,228,la Verneda i la Pau,28638,0.007961449821914938
2018,1,2651,el Raval,47169,0.05620216667726685
2018,2,1953,el Barri Gòtic,16869,0.11577449759914636
2018,3,1198,la Barceloneta,14771,0.08110486764606323
2018,4,2571,"Sant Pere, Santa Caterina i la Ribera",22476,0.11438868126001067
2018,5,1359,el Fort Pienc,32100,0.04233644859813084
2018,6,1570,la Sagrada Família,51582,0.030436974138265287
2018,7,3035,la Dreta de l'Eixample,43494,0.06977973973421621
2018,8,2248,l'Antiga Esquerra de l'Eixample,42344,0.053088985452484416
2018,9,1758,la Nova Esquerra de l'Eixample,58119,0.03024828369380065
2018,10,1585,Sant Antoni,38271,0.04141517075592485
2018,11,1821,el Poble-sec,39709,0.045858621471203
2018,12,14,la Marina del Prat Vermell,960,0.014583333333333334
2018,13,263,la Marina de Port,30649,0.008581030376194981
2018,14,260,la Font de la Guatlla,10286,0.02527707563678787
2018,15,488,Hostafrancs,15926,0.03064171794549793
2018,16,298,la Bordeta,18788,0.015861187992335532
2018,17,418,Sants - Badal,23976,0.0174341007674341
2018,18,976,Sants,41228,0.023673231784224313
2018,19,1038,les Corts,45897,0.022615857245571604
2018,20,449,la Maternitat i Sant Ramon,23914,0.01877561261185916
2018,21,759,Pedralbes,11969,0.06341381903250062
2018,22,333,"Vallvidrera, el Tibidabo i les Planes",4569,0.07288246881155613
2018,23,1338,Sarrià,24938,0.05365305958777769
2018,24,642,les Tres Torres,16612,0.0386467613773176
2018,25,913,Sant Gervasi - la Bonanova,25786,0.03540680989684325
2018,26,2097,Sant Gervasi - Galvany,47679,0.04398162713144151
2018,27,1102,el Putxet i el Farró,29543,0.03730156043732864
2018,28,560,Vallcarca i els Penitents,15847,0.0353379188489935
2018,29,205,el Coll,7435,0.02757229320780094
2018,30,367,la Salut,13231,0.02773788829264606
2018,31,3059,la Vila de Gràcia,50163,0.06098120128381476
2018,32,1066,el Camp d'en Grassot i Gràcia Nova,34570,0.030835984958056117
2018,33,533,el Baix Guinardó,25737,0.020709484399891207
2018,34,223,Can Baró,9061,0.024610970091601368
2018,35,724,el Guinardó,36777,0.019686216929058923
2018,36,161,la Font d'en Fargues,9404,0.017120374308804764
2018,37,334,el Carmel,31781,0.010509423869607628
2018,38,136,la Teixonera,11629,0.011694900679336142
2018,39,130,Sant Genís dels Agudells,6988,0.018603319977103606
2018,40,47,Montbau,5087,0.009239237271476313
2018,41,70,la Vall d'Hebron,5721,0.012235623142807201
2018,42,0,la Clota,384,0
2018,43,314,Horta,26803,0.011715106517927098
2018,44,263,Vilapicina i la Torre Llobeta,25492,0.010316962184214656
2018,45,275,Porta,25501,0.010783890827810673
2018,46,111,el Turó de la Peira,15547,0.007139641088312857
2018,47,5,Can Peguera,2221,0.0022512381809995496
2018,48,116,la Guineueta,15254,0.0076045627376425855
2018,49,33,Canyelles,6869,0.0048041927500363955
2018,50,88,les Roquetes,15707,0.005602597567963328
2018,51,99,Verdun,12389,0.007990959722334328
2018,52,238,la Prosperitat,26495,0.008982826948480845
2018,53,39,la Trinitat Nova,7351,0.005305400625765202
2018,54,6,Torre Baró,2852,0.0021037868162692847
2018,55,37,Ciutat Meridiana,10602,0.003489907564610451
2018,56,0,Vallbona,1268,0
2018,57,63,la Trinitat Vella,10035,0.006278026905829596
2018,58,18,Baró de Viver,2490,0.007228915662650603
2018,59,98,el Bon Pastor,12661,0.007740304873232762
2018,60,593,Sant Andreu,57527,0.01030820310462913
2018,61,345,la Sagrera,29194,0.011817496745906693
2018,62,190,el Congrés i els Indians,14168,0.013410502540937324
2018,63,306,Navas,22126,0.013829883395100787
2018,64,919,el Camp de l'Arpa del Clot,38264,0.024017353125653354
2018,65,540,el Clot,27001,0.019999259286693084
2018,66,713,el Parc i la Llacuna del Poblenou,15367,0.046398125854102946
2018,67,540,la Vila Olímpica del Poblenou,9219,0.0585746827204686
2018,68,1659,el Poblenou,33899,0.04893949674031682
2018,69,567,Diagonal Mar i el Front Marítim del Poblenou,13520,0.04193786982248521
2018,70,201,el Besòs i el Maresme,23567,0.008528875121992617
2018,71,455,Provençals del Poblenou,20543,0.022148663778416004
2018,72,288,Sant Martí de Provençals,26001,0.01107649705780547
2018,73,245,la Verneda i la Pau,28718,0.008531234765652203
2019,1,2894,el Raval,47882,0.06044024894532392
2019,2,2167,el Barri Gòtic,18987,0.11413072101964503
2019,3,1335,la Barceloneta,15009,0.08894663202078752
2019,4,2844,"Sant Pere, Santa Caterina i la Ribera",23049,0.12338930105427567
2019,5,1442,el Fort Pienc,32690,0.04411134903640257
2019,6,1728,la Sagrada Família,51844,0.03333076151531517
2019,7,3245,la Dreta de l'Eixample,43820,0.07405294386125057
2019,8,2410,l'Antiga Esquerra de l'Eixample,42852,0.05624008214319052
2019,9,1915,la Nova Esquerra de l'Eixample,58505,0.03273224510725579
2019,10,1766,Sant Antoni,38523,0.04584274329621265
2019,11,2072,el Poble-sec,40340,0.05136341100644522
2019,12,14,la Marina del Prat Vermell,1022,0.0136986301369863
2019,13,289,la Marina de Port,30992,0.00932498709344347
2019,14,272,la Font de la Guatlla,10354,0.026270040564033224
2019,15,521,Hostafrancs,16123,0.03231408546796502
2019,16,338,la Bordeta,19399,0.01742357853497603
2019,17,424,Sants - Badal,24442,0.017347189264380985
2019,18,1079,Sants,42155,0.025596014707626617
2019,19,1115,les Corts,46324,0.024069596753302825
2019,20,467,la Maternitat i Sant Ramon,23931,0.01951443734068781
2019,21,754,Pedralbes,11922,0.06324442207683274
2019,22,365,"Vallvidrera, el Tibidabo i les Planes",4584,0.07962478184991274
2019,23,1438,Sarrià,24958,0.05761679621764564
2019,24,687,les Tres Torres,16597,0.04139302283545219
2019,25,997,Sant Gervasi - la Bonanova,26016,0.03832257072570726
2019,26,2190,Sant Gervasi - Galvany,47854,0.045764199439963224
2019,27,1170,el Putxet i el Farró,29715,0.03937405350832913
2019,28,602,Vallcarca i els Penitents,15978,0.037676805607710605
2019,29,215,el Coll,7495,0.028685790527018012
2019,30,414,la Salut,13397,0.030902440844965292
2019,31,3338,la Vila de Gràcia,50500,0.0660990099009901
2019,32,1171,el Camp d'en Grassot i Gràcia Nova,35112,0.03335042150831625
2019,33,575,el Baix Guinardó,25948,0.022159704023431478
2019,34,259,Can Baró,9222,0.028085014096725223
2019,35,797,el Guinardó,37098,0.02148363793196399
2019,36,178,la Font d'en Fargues,9447,0.018841960410712396
2019,37,372,el Carmel,32119,0.011581929698932096
2019,38,159,la Teixonera,11771,0.013507773341262425
2019,39,139,Sant Genís dels Agudells,7233,0.019217475459698603
2019,40,44,Montbau,5113,0.00860551535302171
2019,41,76,la Vall d'Hebron,5790,0.013126079447322971
2019,42,0,la Clota,437,0
2019,43,339,Horta,27429,0.012359181887783004
2019,44,270,Vilapicina i la Torre Llobeta,25748,0.01048625135932888
2019,45,294,Porta,26487,0.01109978480009061
2019,46,131,el Turó de la Peira,15758,0.00831323772052291
2019,47,6,Can Peguera,2240,0.0026785714285714286
2019,48,126,la Guineueta,15363,0.008201523140011716
2019,49,30,Canyelles,6864,0.004370629370629371
2019,50,107,les Roquetes,16177,0.006614328985596835
2019,51,97,Verdun,12539,0.007735864103995534
2019,52,238,la Prosperitat,26762,0.008893206785740976
2019,53,35,la Trinitat Nova,7607,0.004601025371368477
2019,54,7,Torre Baró,2884,0.0024271844660194173
2019,55,52,Ciutat Meridiana,10851,0.004792185052068933
2019,56,0,Vallbona,1287,0
2019,57,73,la Trinitat Vella,10307,0.007082565246919569
2019,58,19,Baró de Viver,2554,0.0074393108848864525
2019,59,108,el Bon Pastor,13048,0.00827713059472716
2019,60,623,Sant Andreu,57800,0.010778546712802768
2019,61,361,la Sagrera,29376,0.012288943355119826
2019,62,200,el Congrés i els Indians,14525,0.013769363166953529
2019,63,339,Navas,22238,0.015244176634589442
2019,64,1048,el Camp de l'Arpa del Clot,38838,0.026983881765281426
2019,65,571,el Clot,27144,0.02103595638078397
2019,66,795,el Parc i la Llacuna del Poblenou,15652,0.050792231024789164
2019,67,573,la Vila Olímpica del Poblenou,9252,0.061932555123216604
2019,68,1767,el Poblenou,34078,0.05185163448559188
2019,69,602,Diagonal Mar i el Front Marítim del Poblenou,13504,0.04457938388625592
2019,70,234,el Besòs i el Maresme,24732,0.009461426491994178
2019,71,481,Provençals del Poblenou,21022,0.022880791551707736
2019,72,275,Sant Martí de Provençals,26080,0.010544478527607362
2019,73,255,la Verneda i la Pau,28779,0.008860627540915251
2020,1,2889,el Raval,47842,0.06038627147694495
2020,2,2174,el Barri Gòtic,21501,0.10111157620575788
2020,3,1309,la Barceloneta,14953,0.08754096167993045
2020,4,2791,"Sant Pere, Santa Caterina i la Ribera",23137,0.12062929506850499
2020,5,1480,el Fort Pienc,33416,0.04429016040220254
2020,6,1735,la Sagrada Família,52174,0.03325411124314793
2020,7,3311,la Dreta de l'Eixample,43935,0.07536132923637191
2020,8,2442,l'Antiga Esquerra de l'Eixample,42972,0.056827701759285115
2020,9,1939,la Nova Esquerra de l'Eixample,58501,0.03314473256867404
2020,10,1824,Sant Antoni,38861,0.04693651733100023
2020,11,2171,el Poble-sec,40079,0.05416801816412585
2020,12,13,la Marina del Prat Vermell,1073,0.012115563839701771
2020,13,290,la Marina de Port,31265,0.009275547737086198
2020,14,263,la Font de la Guatlla,10366,0.0253714065213197
2020,15,522,Hostafrancs,16166,0.03228999133984906
2020,16,333,la Bordeta,19533,0.017048072492704652
2020,17,413,Sants - Badal,24907,0.016581683863973982
2020,18,1106,Sants,43605,0.025364063754156632
2020,19,1158,les Corts,46459,0.024925202867044062
2020,20,484,la Maternitat i Sant Ramon,23909,0.020243422978794594
2020,21,733,Pedralbes,11860,0.0618043844856661
2020,22,352,"Vallvidrera, el Tibidabo i les Planes",4569,0.07704092799299628
2020,23,1504,Sarrià,25057,0.060023147224328534
2020,24,705,les Tres Torres,16551,0.042595613558093166
2020,25,1019,Sant Gervasi - la Bonanova,26147,0.03897196619115004
2020,26,2189,Sant Gervasi - Galvany,47825,0.045771040250914795
2020,27,1306,el Putxet i el Farró,30286,0.0431222346958991
2020,28,618,Vallcarca i els Penitents,16204,0.03813873117748704
2020,29,211,el Coll,7596,0.027777777777777776
2020,30,443,la Salut,13442,0.03295640529683083
2020,31,3451,la Vila de Gràcia,50617,0.06817867514866546
2020,32,1211,el Camp d'en Grassot i Gràcia Nova,35405,0.034204208445134866
2020,33,592,el Baix Guinardó,26129,0.022656818094837154
2020,34,273,Can Baró,9304,0.029342218400687875
2020,35,807,el Guinardó,37483,0.021529760157938265
2020,36,180,la Font d'en Fargues,9496,0.018955349620893007
2020,37,433,el Carmel,32463,0.013338262021378184
2020,38,173,la Teixonera,11905,0.014531709365812684
2020,39,138,Sant Genís dels Agudells,7370,0.018724559023066484
2020,40,43,Montbau,5150,0.008349514563106796
2020,41,81,la Vall d'Hebron,5866,0.013808387316740538
2020,42,5,la Clota,455,0.01098901098901099
2020,43,360,Horta,28307,0.012717702335111457
2020,44,311,Vilapicina i la Torre Llobeta,25907,0.012004477554328945
2020,45,273,Porta,27749,0.009838192367292515
2020,46,141,el Turó de la Peira,16201,0.008703166471205481
2020,47,6,Can Peguera,2221,0.0027014858171994596
2020,48,140,la Guineueta,15390,0.009096816114359974
2020,49,34,Canyelles,6849,0.004964228354504307
2020,50,123,les Roquetes,16349,0.007523395926356352
2020,51,94,Verdun,12760,0.007366771159874608
2020,52,249,la Prosperitat,26936,0.009244134244134243
2020,53,31,la Trinitat Nova,7649,0.004052817361746634
2020,54,8,Torre Baró,2871,0.002786485545106235
2020,55,51,Ciutat Meridiana,11076,0.004604550379198266
2020,56,0,Vallbona,1290,0
2020,57,82,la Trinitat Vella,10462,0.007837889504874785
2020,58,19,Baró de Viver,2564,0.0074102964118564745
2020,59,100,el Bon Pastor,13590,0.007358351729212656
2020,60,629,Sant Andreu,58368,0.010776452850877192
2020,61,354,la Sagrera,29486,0.012005697619209115
2020,62,199,el Congrés i els Indians,14689,0.013547552590373749
2020,63,379,Navas,22410,0.016912092815707273
2020,64,1098,el Camp de l'Arpa del Clot,39056,0.02811347808275297
2020,65,614,el Clot,27042,0.02270542119665705
2020,66,795,el Parc i la Llacuna del Poblenou,15885,0.05004721435316336
2020,67,593,la Vila Olímpica del Poblenou,9277,0.06392152635550286
2020,68,1917,el Poblenou,34345,0.05581598485951376
2020,69,596,Diagonal Mar i el Front Marítim del Poblenou,13420,0.04441132637853949
2020,70,267,el Besòs i el Maresme,25580,0.010437842064112588
2020,71,504,Provençals del Poblenou,21228,0.023742227247032222
2020,72,264,Sant Martí de Provençals,26073,0.010125417098147509
2020,73,255,la Verneda i la Pau,28790,0.008857242097950677
2021,1,2964,el Raval,48340,0.061315680595779895
2021,2,2231,el Barri Gòtic,22623,0.09861645228307475
2021,3,1359,la Barceloneta,14970,0.0907815631262525
2021,4,2906,"Sant Pere, Santa Caterina i la Ribera",22900,0.1268995633187773
2021,5,1514,el Fort Pienc,33380,0.04535650089874176
2021,6,1787,la Sagrada Família,52077,0.03431457265203449
2021,7,3572,la Dreta de l'Eixample,43695,0.08174848380821605
2021,8,2545,l'Antiga Esquerra de l'Eixample,42880,0.05935167910447761
2021,9,1986,la Nova Esquerra de l'Eixample,57761,0.03438306123508942
2021,10,1908,Sant Antoni,38607,0.049421089439738906
2021,11,2307,el Poble-sec,40113,0.057512527110911676
2021,12,8,la Marina del Prat Vermell,1210,0.006611570247933884
2021,13,290,la Marina de Port,31014,0.009350615850906043
2021,14,249,la Font de la Guatlla,10214,0.024378304288231838
2021,15,540,Hostafrancs,16066,0.03361135316818125
2021,16,346,la Bordeta,19428,0.01780934733374511
2021,17,428,Sants - Badal,24865,0.01721294992961995
2021,18,1135,Sants,43531,0.026073372998552755
2021,19,1137,les Corts,45674,0.024893812672417567
2021,20,497,la Maternitat i Sant Ramon,23772,0.020906949352179034
2021,21,694,Pedralbes,11717,0.059230178373303743
2021,22,365,"Vallvidrera, el Tibidabo i les Planes",4629,0.07885072369842298
2021,23,1480,Sarrià,24560,0.06026058631921824
2021,24,711,les Tres Torres,16275,0.04368663594470046
2021,25,1058,Sant Gervasi - la Bonanova,25899,0.04085099810803506
2021,26,2142,Sant Gervasi - Galvany,47205,0.04537654909437559
2021,27,1262,el Putxet i el Farró,29943,0.04214674548308453
2021,28,617,Vallcarca i els Penitents,16174,0.0381476443675034
2021,29,223,el Coll,7671,0.029070525355234
2021,30,458,la Salut,13403,0.03417145415205551
2021,31,3549,la Vila de Gràcia,50186,0.07071693300920576
2021,32,1258,el Camp d'en Grassot i Gràcia Nova,35291,0.03564648210591936
2021,33,595,el Baix Guinardó,25798,0.02306380339561206
2021,34,279,Can Baró,9306,0.029980657640232108
2021,35,827,el Guinardó,37209,0.022225805584670376
2021,36,192,la Font d'en Fargues,9459,0.02029812876625436
2021,37,440,el Carmel,32655,0.013474199969376818
2021,38,190,la Teixonera,12025,0.0158004158004158
2021,39,138,Sant Genís dels Agudells,7361,0.01874745279174025
2021,40,50,Montbau,5101,0.009801999607920015
2021,41,81,la Vall d'Hebron,5915,0.013693998309382924
2021,42,5,la Clota,443,0.011286681715575621
2021,43,349,Horta,27994,0.012466957205115382
2021,44,310,Vilapicina i la Torre Llobeta,25694,0.012065073558029112
2021,45,279,Porta,27714,0.010067114093959731
2021,46,136,el Turó de la Peira,16150,0.008421052631578947
2021,47,6,Can Peguera,2146,0.0027958993476234857
2021,48,137,la Guineueta,15232,0.00899422268907563
2021,49,34,Canyelles,6796,0.005002942907592701
2021,50,130,les Roquetes,16526,0.007866392351446205
2021,51,98,Verdun,12823,0.0076425173516337834
2021,52,247,la Prosperitat,26783,0.009222267856476124
2021,53,42,la Trinitat Nova,7613,0.0055168790227242874
2021,54,8,Torre Baró,2870,0.0027874564459930314
2021,55,48,Ciutat Meridiana,11140,0.004308797127468581
2021,56,0,Vallbona,1282,0
2021,57,88,la Trinitat Vella,10485,0.008392942298521697
2021,58,19,Baró de Viver,2598,0.007313317936874519
2021,59,104,el Bon Pastor,13670,0.007607900512070226
2021,60,662,Sant Andreu,58092,0.0113957171383323
2021,61,345,la Sagrera,29446,0.011716362154452218
2021,62,192,el Congrés i els Indians,14512,0.013230429988974642
2021,63,385,Navas,22259,0.017296374500202164
2021,64,1147,el Camp de l'Arpa del Clot,38752,0.02959847233691164
2021,65,643,el Clot,26714,0.024069776147338476
2021,66,793,el Parc i la Llacuna del Poblenou,15856,0.050012613521695254
2021,67,615,la Vila Olímpica del Poblenou,9294,0.06617172369270496
2021,68,2009,el Poblenou,34310,0.058554357330224426
2021,69,678,Diagonal Mar i el Front Marítim del Poblenou,13440,0.05044642857142857
2021,70,272,el Besòs i el Maresme,25984,0.010467980295566502
2021,71,533,Provençals del Poblenou,21106,0.02525348242206008
2021,72,275,Sant Martí de Provençals,26151,0.010515850254292379
2021,73,246,la Verneda i la Pau,28713,0.00856754780064779
2022,1,2840,el Raval,46172,0.06150913973836957
2022,2,2294,el Barri Gòtic,22514,0.10189215599182731
2022,3,1285,la Barceloneta,14161,0.09074217922463103
2022,4,2948,"Sant Pere, Santa Caterina i la Ribera",22268,0.13238728219867074
2022,5,1540,el Fort Pienc,33382,0.04613264633634893
2022,6,1764,la Sagrada Família,51301,0.03438529463363287
2022,7,3764,la Dreta de l'Eixample,43743,0.08604805340283017
2022,8,2609,l'Antiga Esquerra de l'Eixample,42185,0.061846627948322866
2022,9,1941,la Nova Esquerra de l'Eixample,57167,0.033953154792100336
2022,10,1900,Sant Antoni,38083,0.049891027492581994
2022,11,2291,el Poble-sec,39039,0.058684904838750995
2022,12,9,la Marina del Prat Vermell,1402,0.006419400855920114
2022,13,288,la Marina de Port,30335,0.009493983847041372
2022,14,248,la Font de la Guatlla,10342,0.023979887836008507
2022,15,559,Hostafrancs,15819,0.03533725267083886
2022,16,344,la Bordeta,19190,0.017926003126628454
2022,17,449,Sants - Badal,24179,0.0185698333264403
2022,18,1142,Sants,42879,0.026633083793931762
2022,19,1135,les Corts,45410,0.02499449460471262
2022,20,493,la Maternitat i Sant Ramon,23629,0.02086419230606458
2022,21,670,Pedralbes,11652,0.057500858221764505
2022,22,375,"Vallvidrera, el Tibidabo i les Planes",4666,0.0803686240891556
2022,23,1452,Sarrià,24437,0.05941809551090559
2022,24,636,les Tres Torres,16049,0.03962863729827404
2022,25,1057,Sant Gervasi - la Bonanova,25590,0.041305197342712
2022,26,2285,Sant Gervasi - Galvany,47036,0.04857981120843609
2022,27,1278,el Putxet i el Farró,29736,0.04297820823244552
2022,28,630,Vallcarca i els Penitents,15933,0.03954057616268123
2022,29,247,el Coll,7598,0.03250855488286391
2022,30,440,la Salut,13289,0.033110091052750396
2022,31,3589,la Vila de Gràcia,49562,0.0724143497034018
2022,32,1301,el Camp d'en Grassot i Gràcia Nova,34960,0.03721395881006865
2022,33,600,el Baix Guinardó,25554,0.0234796900680911
2022,34,290,Can Baró,9249,0.03135474105308682
2022,35,866,el Guinardó,36892,0.02347392388593733
2022,36,196,la Font d'en Fargues,9488,0.02065767284991568
2022,37,441,el Carmel,32042,0.01376318581861307
2022,38,198,la Teixonera,11896,0.01664425016812374
2022,39,134,Sant Genís dels Agudells,7250,0.018482758620689654
2022,40,52,Montbau,4999,0.010402080416083216
2022,41,80,la Vall d'Hebron,5857,0.013658869728529964
2022,42,5,la Clota,396,0.012626262626262626
2022,43,349,Horta,27821,0.012544480787894037
2022,44,301,Vilapicina i la Torre Llobeta,25510,0.011799294394355155
2022,45,280,Porta,27333,0.010244027366187392
2022,46,119,el Turó de la Peira,15999,0.00743796487280455
2022,47,5,Can Peguera,2112,0.0023674242424242425
2022,48,122,la Guineueta,15028,0.008118179398456216
2022,49,32,Canyelles,6765,0.004730229120473023
2022,50,118,les Roquetes,16114,0.0073228248727814325
2022,51,90,Verdun,12509,0.007194819729794548
2022,52,234,la Prosperitat,26263,0.008909873205650535
2022,53,38,la Trinitat Nova,7407,0.0051302821655191035
2022,54,8,Torre Baró,2851,0.0028060329708874078
2022,55,43,Ciutat Meridiana,10796,0.0039829566506113375
2022,56,0,Vallbona,1281,0
2022,57,92,la Trinitat Vella,10337,0.00890006771790655
2022,58,19,Baró de Viver,2545,0.007465618860510805
2022,59,96,el Bon Pastor,13474,0.007124833011726288
2022,60,672,Sant Andreu,57444,0.011698349697096303
2022,61,337,la Sagrera,29326,0.0114915092409466
2022,62,214,el Congrés i els Indians,14279,0.014987043910638
2022,63,388,Navas,21905,0.01771285094727231
2022,64,1117,el Camp de l'Arpa del Clot,38135,0.029290677854988855
2022,65,633,el Clot,26337,0.024034628089759653
2022,66,837,el Parc i la Llacuna del Poblenou,15908,0.052615036459642946
2022,67,638,la Vila Olímpica del Poblenou,9289,0.06868338895467757
2022,68,2025,el Poblenou,34001,0.05955707185082792
2022,69,656,Diagonal Mar i el Front Marítim del Poblenou,13296,0.049338146811071
2022,70,292,el Besòs i el Maresme,26233,0.011131018183204361
2022,71,511,Provençals del Poblenou,21024,0.024305555555555556
2022,72,291,Sant Martí de Provençals,25783,0.011286506612884458
2022,73,240,la Verneda i la Pau,28662,0.008373456144023446
2023,1,2640,el Raval,45296,0.05828329212292476
2023,2,2169,el Barri Gòtic,24205,0.08960958479652964
2023,3,1251,la Barceloneta,14086,0.08881158597188699
2023,4,2839,"Sant Pere, Santa Caterina i la Ribera",21894,0.12967022928656252
2023,5,1491,el Fort Pienc,34333,0.043427606093263044
2023,6,1803,la Sagrada Família,51623,0.034926292544021076
2023,7,3757,la Dreta de l'Eixample,43698,0.08597647489587625
2023,8,2579,l'Antiga Esquerra de l'Eixample,42554,0.06060534849837853
2023,9,1906,la Nova Esquerra de l'Eixample,57461,0.03317032421990568
2023,10,1803,Sant Antoni,38172,0.047233574347689405
2023,11,2303,el Poble-sec,38676,0.059545971662012614
2023,12,28,la Marina del Prat Vermell,1576,0.017766497461928935
2023,13,285,la Marina de Port,30359,0.009387660990151191
2023,14,250,la Font de la Guatlla,10488,0.02383676582761251
2023,15,550,Hostafrancs,15928,0.034530386740331494
2023,16,360,la Bordeta,19685,0.01828803657607315
2023,17,429,Sants - Badal,24331,0.01763182770950639
2023,18,1100,Sants,44334,0.024811656967564398
2023,19,1157,les Corts,45728,0.025301784464660602
2023,20,489,la Maternitat i Sant Ramon,23992,0.020381793931310437
2023,21,689,Pedralbes,12027,0.05728776918599817
2023,22,363,"Vallvidrera, el Tibidabo i les Planes",4686,0.07746478873239436
2023,23,1452,Sarrià,24657,0.05888794257208906
2023,24,680,les Tres Torres,16208,0.041954590325765054
2023,25,1142,Sant Gervasi - la Bonanova,26040,0.043855606758832565
2023,26,2456,Sant Gervasi - Galvany,47525,0.051678064176749076
2023,27,1311,el Putxet i el Farró,29980,0.043729152768512344
2023,28,615,Vallcarca i els Penitents,16164,0.038047512991833704
2023,29,228,el Coll,7722,0.029526029526029528
2023,30,454,la Salut,13446,0.03376468838316228
2023,31,3529,la Vila de Gràcia,49713,0.07098746806670288
2023,32,1287,el Camp d'en Grassot i Gràcia Nova,35255,0.03650546021840874
2023,33,589,el Baix Guinardó,25684,0.022932565021024764
2023,34,283,Can Baró,9396,0.030119199659429545
2023,35,843,el Guinardó,37476,0.02249439641370477
2023,36,195,la Font d'en Fargues,9670,0.02016546018614271
2023,37,434,el Carmel,32433,0.013381432491598063
2023,38,192,la Teixonera,12069,0.01590852597564007
2023,39,129,Sant Genís dels Agudells,7366,0.017512897094759707
2023,40,58,Montbau,5159,0.011242488854429153
2023,41,81,la Vall d'Hebron,5859,0.013824884792626729
2023,42,0,la Clota,437,0
2023,43,350,Horta,29340,0.011929107021131561
2023,44,280,Vilapicina i la Torre Llobeta,25760,0.010869565217391304
2023,45,264,Porta,28911,0.009131472449932551
2023,46,121,el Turó de la Peira,16260,0.007441574415744157
2023,47,5,Can Peguera,2091,0.0023912003825920613
2023,48,119,la Guineueta,15234,0.007811474333727189
2023,49,32,Canyelles,6765,0.004730229120473023
2023,50,132,les Roquetes,16490,0.008004851425106124
2023,51,101,Verdun,12721,0.00793962738778398
2023,52,236,la Prosperitat,26590,0.008875517111696126
2023,53,39,la Trinitat Nova,7596,0.005134281200631911
2023,54,14,Torre Baró,2882,0.004857737682165163
2023,55,39,Ciutat Meridiana,10844,0.0035964588712652156
2023,56,0,Vallbona,1299,0
2023,57,81,la Trinitat Vella,10257,0.007897045919859609
2023,58,15,Baró de Viver,2531,0.005926511260371394
2023,59,98,el Bon Pastor,14359,0.006824987812521764
2023,60,673,Sant Andreu,57764,0.011650855203933245
2023,61,344,la Sagrera,29785,0.011549437636394159
2023,62,199,el Congrés i els Indians,14587,0.0136422842256804
2023,63,382,Navas,22036,0.01733526955890361
2023,64,1090,el Camp de l'Arpa del Clot,38256,0.028492262651610204
2023,65,646,el Clot,26406,0.024464136938574566
2023,66,887,el Parc i la Llacuna del Poblenou,16357,0.05422754783884575
2023,67,643,la Vila Olímpica del Poblenou,9258,0.06945344566861093
2023,68,2035,el Poblenou,34036,0.05978963450464214
2023,69,633,Diagonal Mar i el Front Marítim del Poblenou,13338,0.04745838956365272
2023,70,301,el Besòs i el Maresme,27783,0.010833963214915596
2023,71,498,Provençals del Poblenou,21204,0.02348613469156763
2023,72,308,Sant Martí de Provençals,26077,0.011811174598305019
2023,73,233,la Verneda i la Pau,29173,0.00798683714393446
2024,1,2822,el Raval,46567,0.06060085468250048
2024,2,2241,el Barri Gòtic,26981,0.08305844853785997
2024,3,1301,la Barceloneta,14343,0.0907062678658579
2024,4,2999,"Sant Pere, Santa Caterina i la Ribera",22344,0.13421947726459005
2024,5,1635,el Fort Pienc,36053,0.04534990153385294
2024,6,1905,la Sagrada Família,52750,0.03611374407582938
2024,7,3977,la Dreta de l'Eixample,44466,0.08943912202581748
2024,8,2734,l'Antiga Esquerra de l'Eixample,43609,0.0626934807035245
2024,9,1985,la Nova Esquerra de l'Eixample,58180,0.03411825369542798
2024,10,1865,Sant Antoni,38620,0.04829104091144485
2024,11,2378,el Poble-sec,39082,0.06084642546440817
2024,12,38,la Marina del Prat Vermell,1897,0.020031628887717447
2024,13,302,la Marina de Port,30889,0.00977694324840558
2024,14,255,la Font de la Guatlla,10687,0.02386076541592589
2024,15,530,Hostafrancs,16144,0.032829534192269576
2024,16,401,la Bordeta,20358,0.019697416249140388
2024,17,478,Sants - Badal,24904,0.019193703822679088
2024,18,1160,Sants,46911,0.024727675811643323
2024,19,1226,les Corts,46513,0.026358222432438242
2024,20,507,la Maternitat i Sant Ramon,24258,0.02090032154340836
2024,21,785,Pedralbes,12378,0.06341896913879463
2024,22,394,"Vallvidrera, el Tibidabo i les Planes",4745,0.08303477344573235
2024,23,1473,Sarrià,24942,0.059057012268462834
2024,24,704,les Tres Torres,16327,0.04311876033564035
2024,25,1175,Sant Gervasi - la Bonanova,26662,0.04407021228715025
2024,26,2581,Sant Gervasi - Galvany,48262,0.053478927520616636
2024,27,1401,el Putxet i el Farró,30271,0.04628191998942883
2024,28,646,Vallcarca i els Penitents,16520,0.03910411622276029
2024,29,234,el Coll,7900,0.02962025316455696
2024,30,456,la Salut,13636,0.033440891757113525
2024,31,3665,la Vila de Gràcia,50740,0.07223098147418211
2024,32,1355,el Camp d'en Grassot i Gràcia Nova,36344,0.03728263262161567
2024,33,647,el Baix Guinardó,26234,0.024662651520927042
2024,34,281,Can Baró,9507,0.029557168402229935
2024,35,853,el Guinardó,38067,0.022407859826096093
2024,36,208,la Font d'en Fargues,9776,0.02127659574468085
2024,37,469,el Carmel,32960,0.014229368932038834
2024,38,209,la Teixonera,12418,0.016830407473023033
2024,39,146,Sant Genís dels Agudells,7748,0.018843572534847704
2024,40,55,Montbau,5275,0.01042654028436019
2024,41,76,la Vall d'Hebron,5879,0.012927368600102058
2024,42,0,la Clota,640,0
2024,43,372,Horta,31044,0.01198299188248937
2024,44,287,Vilapicina i la Torre Llobeta,26139,0.010979762041394085
2024,45,271,Porta,31272,0.0086658992069583
2024,46,124,el Turó de la Peira,16788,0.007386228258279724
2024,47,5,Can Peguera,2111,0.0023685457129322598
2024,48,112,la Guineueta,15343,0.007299745812422603
2024,49,31,Canyelles,6784,0.004569575471698113
2024,50,128,les Roquetes,16911,0.0075690379043226305
2024,51,100,Verdun,13156,0.007601094557616297
2024,52,256,la Prosperitat,27214,0.0094069229073271109
2024,53,40,la Trinitat Nova,7709,0.005188740433259826
2024,54,16,Torre Baró,3061,0.005227049983665469
2024,55,48,Ciutat Meridiana,11072,0.004335260115606936
2024,56,0,Vallbona,1314,0
2024,57,101,la Trinitat Vella,10641,0.009491589136359365
2024,58,14,Baró de Viver,2555,0.005479452054794521
2024,59,101,el Bon Pastor,15727,0.006422076683410695
2024,60,700,Sant Andreu,58512,0.011963357943669675
2024,61,363,la Sagrera,30267,0.011993259986123501
2024,62,214,el Congrés i els Indians,14916,0.01434700992223116
2024,63,401,Navas,22386,0.017912981327615474
2024,64,1148,el Camp de l'Arpa del Clot,38987,0.029445712673455256
2024,65,716,el Clot,26702,0.026814470826155345
2024,66,957,el Parc i la Llacuna del Poblenou,16991,0.05632393620151845
2024,67,665,la Vila Olímpica del Poblenou,9275,0.07169811320754717
2024,68,2188,el Poblenou,34455,0.06350312001160935
2024,69,628,Diagonal Mar i el Front Marítim del Poblenou,13406,0.04684469640459496
2024,70,376,el Besòs i el Maresme,30383,0.012375341473850509
2024,71,530,Provençals del Poblenou,21418,0.024745541133625922
2024,72,334,Sant Martí de Provençals,26497,0.012605200588745896
2024,73,287,la Verneda i la Pau,30264,0.009483214380121596
2025,1,2967,el Raval,49539,0.05989220614061649
2025,2,2300,el Barri Gòtic,27623,0.08326394671107411
2025,3,1372,la Barceloneta,14558,0.09424371479598846
2025,4,3081,"Sant Pere, Santa Caterina i la Ribera",22639,0.13609258359468174
2025,5,1755,el Fort Pienc,36571,0.047988843619261166
2025,6,2046,la Sagrada Família,53481,0.03825657710214843
2025,7,4177,la Dreta de l'Eixample,45280,0.0922482332155477
2025,8,2883,l'Antiga Esquerra de l'Eixample,43845,0.0657543619568936
2025,9,2104,la Nova Esquerra de l'Eixample,58990,0.035667062213934564
2025,10,2013,Sant Antoni,39141,0.051429447382540044
2025,11,2512,el Poble-sec,40208,0.06247512932749701
2025,12,53,la Marina del Prat Vermell,2819,0.018800993260021284
2025,13,312,la Marina de Port,31579,0.009879983533360778
2025,14,294,la Font de la Guatlla,10847,0.02710426846132571
2025,15,559,Hostafrancs,16743,0.0333870871408947
2025,16,417,la Bordeta,21210,0.019660537482319662
2025,17,481,Sants - Badal,25308,0.019005847953216373
2025,18,1246,Sants,47103,0.026452667558329618
2025,19,1245,les Corts,46804,0.02660029057345526
2025,20,529,la Maternitat i Sant Ramon,24634,0.02147438499634651
2025,21,829,Pedralbes,12545,0.06608210442407333
2025,22,416,"Vallvidrera, el Tibidabo i les Planes",4827,0.08618189351564119
2025,23,1538,Sarrià,25111,0.06124805861972841
2025,24,786,les Tres Torres,16305,0.048206071757129716
2025,25,1264,Sant Gervasi - la Bonanova,26731,0.04728592271145861
2025,26,2790,Sant Gervasi - Galvany,49329,0.056559022076263454
2025,27,1473,el Putxet i el Farró,30687,0.04800078209013589
2025,28,669,Vallcarca i els Penitents,16789,0.039847519209005894
2025,29,261,el Coll,8063,0.0323700855760883
2025,30,485,la Salut,13985,0.03468001430103682
2025,31,3789,la Vila de Gràcia,51471,0.07361426822871131
2025,32,1412,el Camp d'en Grassot i Gràcia Nova,36688,0.038486698648059314
2025,33,675,el Baix Guinardó,26490,0.02548131370328426
2025,34,302,Can Baró,9657,0.031272651962307135
2025,35,907,el Guinardó,38966,0.023276702766514397
2025,36,217,la Font d'en Fargues,9898,0.021923620933521924
2025,37,505,el Carmel,33630,0.015016354445435623
2025,38,217,la Teixonera,12592,0.017233163913595934
2025,39,149,Sant Genís dels Agudells,7818,0.019058582757738553
2025,40,57,Montbau,5321,0.010712272129299004
2025,41,83,la Vall d'Hebron,5974,0.013893538667559425
2025,42,16,la Clota,899,0.017797552836484983
2025,43,415,Horta,31203,0.01330000320482005
2025,44,302,Vilapicina i la Torre Llobeta,26408,0.011435928506513178
2025,45,271,Porta,31326,0.008650960863180745
2025,46,132,el Turó de la Peira,17414,0.007580107959113357
2025,47,5,Can Peguera,2100,0.002380952380952381
2025,48,116,la Guineueta,15625,0.007424
2025,49,33,Canyelles,6804,0.0048500881834215165
2025,50,134,les Roquetes,17280,0.0077546296296296295
2025,51,104,Verdun,13467,0.007722581124229598
2025,52,300,la Prosperitat,27826,0.010781283691511536
2025,53,48,la Trinitat Nova,7945,0.006041535556954059
2025,54,19,Torre Baró,3168,0.005997474747474747
2025,55,45,Ciutat Meridiana,11339,0.003968603933327454
2025,56,0,Vallbona,1337,0
2025,57,97,la Trinitat Vella,11140,0.008707360861759425
2025,58,15,Baró de Viver,2621,0.005723006486074018
2025,59,106,el Bon Pastor,15848,0.00668854114083796
2025,60,727,Sant Andreu,58859,0.012351552014135476
2025,61,383,la Sagrera,30849,0.012415313300269052
2025,62,237,el Congrés i els Indians,15148,0.015645629786110376
2025,63,445,Navas,22763,0.01954926854983965
2025,64,1214,el Camp de l'Arpa del Clot,39750,0.030540880503144654
2025,65,779,el Clot,27044,0.02880491051619583
2025,66,986,el Parc i la Llacuna del Poblenou,17558,0.056156737669438433
2025,67,695,la Vila Olímpica del Poblenou,9242,0.07520017312270072
2025,68,2313,el Poblenou,34716,0.06662633944002766
2025,69,653,Diagonal Mar i el Front Marítim del Poblenou,13589,0.048053572742659506
2025,70,411,el Besòs i el Maresme,30596,0.01343312851353118
2025,71,567,Provençals del Poblenou,21812,0.025994865211810013
2025,72,380,Sant Martí de Provençals,26888,0.014132698601606665
2025,73,320,la Verneda i la Pau,31104,0.0102880658436214
